Title,Content,Keywords,H1,Meta Description,Image URLs
شركة تسليك مجاري في دبي,"<section style=""margin-bottom:50px;""><div style=""background:linear-gradient(135deg,#0056b3 0%,#003d82 100%);color:#fff;padding:30px;border-radius:16px;margin-bottom:25px;"">
<h1 style=""font-size:32px;font-weight:900;color:#fff;margin:0 0 16px;line-height:1.4;"">🚿 شركة تسليك مجاري في دبي 2026<br><span style=""font-size:20px;font-weight:600;opacity:0.9;"">حل فوري ✦ ضمان مكتوب ✦ متاحون 24/7</span></h1>
<p style=""font-size:16px;color:rgba(255,255,255,0.9);margin:0 0 20px;line-height:1.8;"">هل تعاني من انسداد مجاري مفاجئ في منزلك أو مكتبك في دبي؟ ركن التطور تصل إليك خلال 45 دقيقة بأحدث المعدات وفريق من المتخصصين لحل المشكلة من جذورها — بلا فوضى، بلا أضرار جانبية، وبضمان مكتوب.</p>
<div style=""display:grid;grid-template-columns:repeat(auto-fit,minmax(140px,1fr));gap:0;background:#fff;border:2px solid #e0eaf5;border-radius:14px;overflow:hidden;margin:20px 0;box-shadow:0 4px 12px rgba(0,0,0,0.06);""><div style=""text-align:center;padding:20px 10px;"">
<div style=""font-size:36px;font-weight:900;color:#0056b3;margin-bottom:6px;"">45 دق.</div>
<div style=""font-size:13px;color:#4a5568;font-weight:600;"">وقت الوصول المضمون</div>
</div><div style=""text-align:center;padding:20px 10px;"">
<div style=""font-size:36px;font-weight:900;color:#0056b3;margin-bottom:6px;"">24/7</div>
<div style=""font-size:13px;color:#4a5568;font-weight:600;"">خدمة طوارئ مستمرة</div>
</div><div style=""text-align:center;padding:20px 10px;"">
<div style=""font-size:36px;font-weight:900;color:#0056b3;margin-bottom:6px;"">10+</div>
<div style=""font-size:13px;color:#4a5568;font-weight:600;"">سنوات خبرة في دبي</div>
</div><div style=""text-align:center;padding:20px 10px;"">
<div style=""font-size:36px;font-weight:900;color:#0056b3;margin-bottom:6px;"">100%</div>
<div style=""font-size:13px;color:#4a5568;font-weight:600;"">ضمان الحل النهائي</div>
</div></div>
</div></section>
<section style=""margin-bottom:50px;""><h2 style=""font-size:24px;color:#0056b3;font-weight:800;margin:0 0 20px;padding-bottom:12px;border-bottom:3px solid #e0eaf5;"">🏆 شركة تسليك المجاري في دبي — الخبرة الحقيقية التي تثق بها</h2><div style=""background:#f0f7ff;border-right:6px solid #0056b3;padding:25px 30px;border-radius:15px;margin-bottom:25px;box-shadow:0 4px 10px rgba(0,0,0,0.05);""><p style=""font-size:15px;line-height:1.9;color:#2d3748;margin:0 0 12px;""><strong style=""color:#0056b3;"">شركة ركن التطور</strong> هي الاسم الأول في خدمات تسليك المجاري وصيانة الصرف الصحي في دبي. منذ أكثر من عشر سنوات، بنينا سمعتنا على مبدأ واحد بسيط: <strong>النتيجة تتكلم عن نفسها</strong>. كل انسداد واجهناه، كل بيارة شفطناها، كل ماسورة سلّكناها — تركت عميلاً راضياً يُوصي بنا لجيرانه وأصدقائه.</p><p style=""font-size:15px;line-height:1.9;color:#2d3748;margin:0 0 12px;"">دبي مدينة تتطلب معايير استثنائية. شبكات الصرف الصحي فيها متشعبة ومعقدة، والمباني تتنوع بين شقق سكنية وفيلات فاخرة ومجمعات تجارية ومطاعم وفنادق. كل نوع له تحدياته الخاصة، وفريقنا مُدرَّب على جميع هذه الأنواع بمعدات متخصصة لكل حالة.</p></div><div style=""display:grid;grid-template-columns:repeat(auto-fit,minmax(220px,1fr));gap:16px;margin:20px 0;""><div style=""background:#fff;border:1px solid #dce8f7;border-radius:12px;padding:20px;box-shadow:0 2px 8px rgba(0,86,179,0.07);"">
<div style=""font-size:32px;margin-bottom:10px;"">🎓</div>
<h3 style=""font-size:16px;color:#0056b3;font-weight:700;margin:0 0 8px;"">خبرة متخصصة</h3>
<p style=""font-size:14px;color:#4a5568;line-height:1.7;margin:0;"">أكثر من 10 سنوات في سوق دبي مع فريق مؤهل ومُدرَّب على أحدث التقنيات</p>
</div><div style=""background:#fff;border:1px solid #dce8f7;border-radius:12px;padding:20px;box-shadow:0 2px 8px rgba(0,86,179,0.07);"">
<div style=""font-size:32px;margin-bottom:10px;"">⚡</div>
<h3 style=""font-size:16px;color:#0056b3;font-weight:700;margin:0 0 8px;"">استجابة خاطفة</h3>
<p style=""font-size:14px;color:#4a5568;line-height:1.7;margin:0;"">نصل إليك خلال 45 دقيقة لأننا نعرف أن كل دقيقة تأخير تعني أضرار إضافية</p>
</div><div style=""background:#fff;border:1px solid #dce8f7;border-radius:12px;padding:20px;box-shadow:0 2px 8px rgba(0,86,179,0.07);"">
<div style=""font-size:32px;margin-bottom:10px;"">🛡️</div>
<h3 style=""font-size:16px;color:#0056b3;font-weight:700;margin:0 0 8px;"">ضمان مكتوب</h3>
<p style=""font-size:14px;color:#4a5568;line-height:1.7;margin:0;"">كل خدمة نقدمها محمية بضمان مكتوب يعطيك راحة البال الحقيقية</p>
</div><div style=""background:#fff;border:1px solid #dce8f7;border-radius:12px;padding:20px;box-shadow:0 2px 8px rgba(0,86,179,0.07);"">
<div style=""font-size:32px;margin-bottom:10px;"">💰</div>
<h3 style=""font-size:16px;color:#0056b3;font-weight:700;margin:0 0 8px;"">أسعار شفافة</h3>
<p style=""font-size:14px;color:#4a5568;line-height:1.7;margin:0;"">لا مفاجآت في الفاتورة. السعر يُتفق عليه قبل بدء العمل</p>
</div><div style=""background:#fff;border:1px solid #dce8f7;border-radius:12px;padding:20px;box-shadow:0 2px 8px rgba(0,86,179,0.07);"">
<div style=""font-size:32px;margin-bottom:10px;"">🔧</div>
<h3 style=""font-size:16px;color:#0056b3;font-weight:700;margin:0 0 8px;"">معدات متطورة</h3>
<p style=""font-size:14px;color:#4a5568;line-height:1.7;margin:0;"">هيدروجيت، كاميرات تفتيشية، روبوتات ذكية — أحدث تقنيات الصناعة</p>
</div><div style=""background:#fff;border:1px solid #dce8f7;border-radius:12px;padding:20px;box-shadow:0 2px 8px rgba(0,86,179,0.07);"">
<div style=""font-size:32px;margin-bottom:10px;"">📞</div>
<h3 style=""font-size:16px;color:#0056b3;font-weight:700;margin:0 0 8px;"">متاح 24/7</h3>
<p style=""font-size:14px;color:#4a5568;line-height:1.7;margin:0;"">الانسداد لا يعرف مواعيد العمل، ونحن كذلك — متاحون في أي وقت تحتاجنا</p>
</div></div><div style=""background:#f0fff4;border-right:6px solid #2e7d32;padding:22px 28px;border-radius:12px;margin-bottom:20px;""><p style=""font-size:15px;line-height:1.9;color:#2d3748;margin:0 0 12px;"">💡 <strong>لماذا يختارنا عملاء دبي؟</strong> لأننا لا نُعطي وعوداً — نُعطي نتائج. فريقنا يصل، يشخّص، يعمل، ويتأكد من الحل قبل أن يغادر. هذا هو الفارق بين شركة تحترم عملاءها وأخرى تبحث فقط عن أجرها.</p></div><div style=""background:linear-gradient(135deg,#0056b3 0%,#0097a7 100%);color:#fff;padding:36px;border-radius:18px;text-align:center;margin:30px 0;box-shadow:0 8px 24px rgba(0,86,179,0.25);"">
<h3 style=""font-size:24px;font-weight:900;margin:0 0 10px;color:#fff;"">اتصل الآن — الوصول خلال 45 دقيقة</h3>
<p style=""font-size:15px;margin:0 0 20px;opacity:0.9;"">فريق ركن التطور على أهبة الاستعداد في دبي</p>
<p style=""font-size:28px;font-weight:900;margin:0;"">📞 0500000000 &nbsp;|&nbsp; 💬 واتساب</p>
<p style=""font-size:13px;margin:12px 0 0;opacity:0.8;"">متاح 24 ساعة — 7 أيام في الأسبوع</p>
</div></section>
<section style=""margin-bottom:50px;""><h2 style=""font-size:24px;color:#0056b3;font-weight:800;margin:0 0 20px;padding-bottom:12px;border-bottom:3px solid #e0eaf5;"">🍽️ تسليك مجاري المطبخ في دبي — الأصعب والأكثر شيوعاً</h2><div style=""background:#f0f7ff;border-right:6px solid #0056b3;padding:25px 30px;border-radius:15px;margin-bottom:25px;box-shadow:0 4px 10px rgba(0,0,0,0.05);""><p style=""font-size:15px;line-height:1.9;color:#2d3748;margin:0 0 12px;"">مجاري المطبخ هي الأكثر عرضة للانسداد في أي منزل أو مطعم أو فندق. السبب؟ تراكم <strong>الدهون والزيوت</strong> التي تتجمد على جدران الأنابيب مع مرور الوقت، وتتراكم عليها بقايا الطعام، حتى تُشكّل كتلة صلبة تُغلق المجرى بالكامل.</p><p style=""font-size:15px;line-height:1.9;color:#2d3748;margin:0 0 12px;"">في دبي، حيث تنتشر المطاعم والمطابخ الكبيرة بكثافة عالية، تكون هذه المشكلة أكثر حدة. أنابيب مطبخ مطعم تُعالج عشرات الكيلوجرامات من الدهون يومياً — بدون تسليك دوري، الانسداد الكامل مسألة وقت فقط.</p></div><div style=""background:#fff8f0;border-right:6px solid #f57c00;padding:22px 28px;border-radius:12px;margin-bottom:20px;""><p style=""font-size:15px;line-height:1.9;color:#2d3748;margin:0 0 12px;"">⚠️ <strong>تحذير مهم:</strong> استخدام المنظفات الكيميائية الجاهزة من محلات البقالة قد يُلين الانسداد مؤقتاً لكنه لا يُزيله من جذوره. والأسوأ أن بعض هذه المنظفات تُآكل الأنابيب البلاستيكية وتُسبّب تشققات تُكلّف إصلاحها أضعاف تسليك بسيط.</p></div><div style=""background:#fff;border:1px solid #e0eaf5;padding:22px 26px;border-radius:12px;margin-bottom:20px;box-shadow:0 2px 8px rgba(0,86,179,0.06);""><h3 style=""font-size:16px;color:#0056b3;font-weight:700;margin:0 0 14px;"">🔧 كيف نُسلّك مجاري المطبخ؟</h3><div style=""display:flex;flex-direction:column;gap:16px;margin:20px 0;""><div style=""display:flex;gap:16px;align-items:flex-start;background:#fff;border:1px solid #e0eaf5;border-radius:12px;padding:18px 22px;"">
<div style=""background:#0056b3;color:#fff;width:36px;height:36px;border-radius:50%;display:flex;align-items:center;justify-content:center;font-weight:800;font-size:16px;flex-shrink:0;"">1</div>
<div><h3 style=""font-size:15px;color:#0056b3;font-weight:700;margin:0 0 6px;"">فحص وتشخيص الانسداد</h3>
<p style=""font-size:14px;color:#4a5568;margin:0;line-height:1.7;"">نستخدم كاميرا تفتيشية مرنة ندخلها في الأنبوب لنرى بالضبط طبيعة الانسداد وموقعه الدقيق. هذا يمنع العمل العشوائي ويضمن اختيار الأداة الصحيحة.</p></div>
</div><div style=""display:flex;gap:16px;align-items:flex-start;background:#fff;border:1px solid #e0eaf5;border-radius:12px;padding:18px 22px;"">
<div style=""background:#0056b3;color:#fff;width:36px;height:36px;border-radius:50%;display:flex;align-items:center;justify-content:center;font-weight:800;font-size:16px;flex-shrink:0;"">2</div>
<div><h3 style=""font-size:15px;color:#0056b3;font-weight:700;margin:0 0 6px;"">تسليك بالهيدروجيت</h3>
<p style=""font-size:14px;color:#4a5568;margin:0;line-height:1.7;"">ضغط ماء عالٍ (حتى 3000 بار) يُكسّر تراكمات الدهون ويجرفها بالكامل. يُنظّف الأنبوب من الداخل بشكل يشبه الغسيل الشامل.</p></div>
</div><div style=""display:flex;gap:16px;align-items:flex-start;background:#fff;border:1px solid #e0eaf5;border-radius:12px;padding:18px 22px;"">
<div style=""background:#0056b3;color:#fff;width:36px;height:36px;border-radius:50%;display:flex;align-items:center;justify-content:center;font-weight:800;font-size:16px;flex-shrink:0;"">3</div>
<div><h3 style=""font-size:15px;color:#0056b3;font-weight:700;margin:0 0 6px;"">فحص ما بعد التسليك</h3>
<p style=""font-size:14px;color:#4a5568;margin:0;line-height:1.7;"">نُدخل الكاميرا مجدداً للتأكد من أن القناة نظيفة 100%. لا نغادر قبل أن نرى بأعيننا أن المجرى مفتوح تماماً.</p></div>
</div><div style=""display:flex;gap:16px;align-items:flex-start;background:#fff;border:1px solid #e0eaf5;border-radius:12px;padding:18px 22px;"">
<div style=""background:#0056b3;color:#fff;width:36px;height:36px;border-radius:50%;display:flex;align-items:center;justify-content:center;font-weight:800;font-size:16px;flex-shrink:0;"">4</div>
<div><h3 style=""font-size:15px;color:#0056b3;font-weight:700;margin:0 0 6px;"">تقرير وتوصيات</h3>
<p style=""font-size:14px;color:#4a5568;margin:0;line-height:1.7;"">نُسلّمك تقريراً بالحالة وتوصيات للصيانة الوقائية لتجنب تكرار المشكلة.</p></div>
</div></div></div><div style=""background:#fffde7;border-right:6px solid #f9a825;padding:20px 26px;border-radius:12px;margin-bottom:20px;""><p style=""font-size:15px;line-height:1.9;color:#2d3748;margin:0 0 12px;"">💡 <strong>نصيحة الخبراء:</strong> للمطاعم والمطابخ التجارية في دبي، خطة صيانة شهرية أو ربع سنوية للمجاري توفّر تكلفة إصلاح انسداد كامل في وقت الذروة. ركن التطور تُقدّم عقود صيانة مخصصة للمنشآت التجارية.</p></div></section>
<section style=""margin-bottom:50px;""><h2 style=""font-size:24px;color:#0056b3;font-weight:800;margin:0 0 20px;padding-bottom:12px;border-bottom:3px solid #e0eaf5;"">🚛 شفط مجاري ونظافة البيارات في دبي</h2><div style=""background:#f0f7ff;border-right:6px solid #0056b3;padding:25px 30px;border-radius:15px;margin-bottom:25px;box-shadow:0 4px 10px rgba(0,0,0,0.05);""><p style=""font-size:15px;line-height:1.9;color:#2d3748;margin:0 0 12px;"">البيارات وخزانات الصرف الصحي تحتاج شفطاً منتظماً لمنع امتلائها وتسرب محتوياتها. في دبي، القانون يُلزم بصيانة دورية لهذه المنشآت، وفريق ركن التطور يُقدّم هذه الخدمة <strong>بسيارات شفط ذات سعة كبيرة</strong> تنتهي من العمل في وقت قياسي.</p><p style=""font-size:15px;line-height:1.9;color:#2d3748;margin:0 0 12px;"">الشفط ليس مجرد تفريغ للخزان — هو عملية متكاملة تشمل الفحص، الشفط، التنظيف بالماء الضغط، والتعقيم. المنشأة التي تُشفط بانتظام تتجنب روائح كريهة ومشاكل تسرب وأعطال مكلفة في الشبكة.</p></div><div style=""display:grid;grid-template-columns:repeat(auto-fit,minmax(220px,1fr));gap:16px;margin:20px 0;""><div style=""background:#fff;border:1px solid #dce8f7;border-radius:12px;padding:20px;box-shadow:0 2px 8px rgba(0,86,179,0.07);"">
<div style=""font-size:32px;margin-bottom:10px;"">🏠</div>
<h3 style=""font-size:16px;color:#0056b3;font-weight:700;margin:0 0 8px;"">البيارات السكنية</h3>
<p style=""font-size:14px;color:#4a5568;line-height:1.7;margin:0;"">شفط دوري للمنازل والفلل والمجمعات السكنية. جدولة مرنة تناسب ساكني المبنى.</p>
</div><div style=""background:#fff;border:1px solid #dce8f7;border-radius:12px;padding:20px;box-shadow:0 2px 8px rgba(0,86,179,0.07);"">
<div style=""font-size:32px;margin-bottom:10px;"">🏢</div>
<h3 style=""font-size:16px;color:#0056b3;font-weight:700;margin:0 0 8px;"">البيارات التجارية</h3>
<p style=""font-size:14px;color:#4a5568;line-height:1.7;margin:0;"">للمطاعم والفنادق والمباني التجارية التي تحتاج شفطاً متكرراً وبكميات كبيرة.</p>
</div><div style=""background:#fff;border:1px solid #dce8f7;border-radius:12px;padding:20px;box-shadow:0 2px 8px rgba(0,86,179,0.07);"">
<div style=""font-size:32px;margin-bottom:10px;"">🏗️</div>
<h3 style=""font-size:16px;color:#0056b3;font-weight:700;margin:0 0 8px;"">بيارات مواقع البناء</h3>
<p style=""font-size:14px;color:#4a5568;line-height:1.7;margin:0;"">التخلص من مياه الصرف أثناء الإنشاء وتنظيف البيارات المؤقتة.</p>
</div><div style=""background:#fff;border:1px solid #dce8f7;border-radius:12px;padding:20px;box-shadow:0 2px 8px rgba(0,86,179,0.07);"">
<div style=""font-size:32px;margin-bottom:10px;"">⚡</div>
<h3 style=""font-size:16px;color:#0056b3;font-weight:700;margin:0 0 8px;"">طوارئ 24/7</h3>
<p style=""font-size:14px;color:#4a5568;line-height:1.7;margin:0;"">تسرب فجائي أو امتلاء غير متوقع؟ سيارة الشفط تصل في أقل من ساعة.</p>
</div></div><div style=""background:#f0fff4;border-right:6px solid #2e7d32;padding:22px 28px;border-radius:12px;margin-bottom:20px;""><h3 style=""font-size:16px;color:#2e7d32;font-weight:700;margin:0 0 12px;"">✅ مزايا خدمة الشفط مع ركن التطور</h3><ul style=""list-style:none;padding:0;margin:0;display:flex;flex-direction:column;gap:10px;""><li style=""display:flex;gap:10px;align-items:flex-start;background:#f0fff4;border-radius:8px;padding:12px 16px;""><span style=""font-size:18px;flex-shrink:0;"">✅</span><span style=""font-size:14px;color:#4a5568;line-height:1.7;"">سيارات شفط ذات سعة كبيرة — نصل، نشفط، ونغادر في أسرع وقت</span></li><li style=""display:flex;gap:10px;align-items:flex-start;background:#f0fff4;border-radius:8px;padding:12px 16px;""><span style=""font-size:18px;flex-shrink:0;"">✅</span><span style=""font-size:14px;color:#4a5568;line-height:1.7;"">سائقون وعمال مُرخَّصون ومدرّبون وفق معايير الصحة والسلامة في دبي</span></li><li style=""display:flex;gap:10px;align-items:flex-start;background:#f0fff4;border-radius:8px;padding:12px 16px;""><span style=""font-size:18px;flex-shrink:0;"">✅</span><span style=""font-size:14px;color:#4a5568;line-height:1.7;"">التخلص من المحتويات بالطريقة البيئية المعتمدة من بلدية دبي</span></li><li style=""display:flex;gap:10px;align-items:flex-start;background:#f0fff4;border-radius:8px;padding:12px 16px;""><span style=""font-size:18px;flex-shrink:0;"">✅</span><span style=""font-size:14px;color:#4a5568;line-height:1.7;"">شهادة إتمام الخدمة لأغراض الجهات الحكومية إذا لزم</span></li><li style=""display:flex;gap:10px;align-items:flex-start;background:#f0fff4;border-radius:8px;padding:12px 16px;""><span style=""font-size:18px;flex-shrink:0;"">✅</span><span style=""font-size:14px;color:#4a5568;line-height:1.7;"">عقود صيانة دورية بأسعار مخفضة للمنشآت التجارية والسكنية الكبيرة</span></li></ul></div></section>
<section style=""margin-bottom:50px;""><h2 style=""font-size:24px;color:#0056b3;font-weight:800;margin:0 0 20px;padding-bottom:12px;border-bottom:3px solid #e0eaf5;"">🚿 تسليك مجاري الحمامات في دبي — حل سريع لمشكلة حرجة</h2><div style=""background:#f0f7ff;border-right:6px solid #0056b3;padding:25px 30px;border-radius:15px;margin-bottom:25px;box-shadow:0 4px 10px rgba(0,0,0,0.05);""><p style=""font-size:15px;line-height:1.9;color:#2d3748;margin:0 0 12px;"">انسداد مجرى الحمام من أكثر المشاكل حرجاً في المنزل — الماء يتراكم، الفيضان يهدد، والاستخدام يصبح مستحيلاً. <strong>ركن التطور</strong> تعرف أن هذا ليس وقت المماطلة، لذا نُعطي حالات انسداد الحمام أولوية الطوارئ.</p><p style=""font-size:15px;line-height:1.9;color:#2d3748;margin:0 0 12px;"">مجاري الحمامات تنسدّ لأسباب مختلفة عن المطبخ: الشعر المتراكم، الصابون المتصلّب، ورواسب الكالسيوم الناتجة عن مياه دبي ذات الصلابة العالية. كل سبب يحتاج طريقة علاج مختلفة وفريقنا يُشخّص أولاً ثم يعمل.</p></div><div style=""background:#fff;border:1px solid #e0eaf5;padding:22px 26px;border-radius:12px;margin-bottom:20px;box-shadow:0 2px 8px rgba(0,86,179,0.06);""><h3 style=""font-size:16px;color:#0056b3;font-weight:700;margin:0 0 14px;"">🔍 أكثر أسباب انسداد الحمامات شيوعاً في دبي</h3><div style=""display:grid;grid-template-columns:repeat(auto-fit,minmax(220px,1fr));gap:16px;margin:20px 0;""><div style=""background:#fff;border:1px solid #dce8f7;border-radius:12px;padding:20px;box-shadow:0 2px 8px rgba(0,86,179,0.07);"">
<div style=""font-size:32px;margin-bottom:10px;"">💇</div>
<h3 style=""font-size:16px;color:#0056b3;font-weight:700;margin:0 0 8px;"">الشعر المتراكم</h3>
<p style=""font-size:14px;color:#4a5568;line-height:1.7;margin:0;"">أكثر سبب شيوعاً. الشعر يتجمع في المصيدة ثم يُراكم الصابون ويُكوّن كتلة صلبة سريعاً</p>
</div><div style=""background:#fff;border:1px solid #dce8f7;border-radius:12px;padding:20px;box-shadow:0 2px 8px rgba(0,86,179,0.07);"">
<div style=""font-size:32px;margin-bottom:10px;"">🧴</div>
<h3 style=""font-size:16px;color:#0056b3;font-weight:700;margin:0 0 8px;"">الصابون والشامبو</h3>
<p style=""font-size:14px;color:#4a5568;line-height:1.7;margin:0;"">بعض المنتجات تُكوّن طبقة صلبة على جدران الأنابيب تتراكم مع الوقت</p>
</div><div style=""background:#fff;border:1px solid #dce8f7;border-radius:12px;padding:20px;box-shadow:0 2px 8px rgba(0,86,179,0.07);"">
<div style=""font-size:32px;margin-bottom:10px;"">🪨</div>
<h3 style=""font-size:16px;color:#0056b3;font-weight:700;margin:0 0 8px;"">رواسب الكالسيوم</h3>
<p style=""font-size:14px;color:#4a5568;line-height:1.7;margin:0;"">مياه دبي قاسية نسبياً. الكالسيوم يترسّب داخل الأنابيب ويُضيّق القطر تدريجياً</p>
</div><div style=""background:#fff;border:1px solid #dce8f7;border-radius:12px;padding:20px;box-shadow:0 2px 8px rgba(0,86,179,0.07);"">
<div style=""font-size:32px;margin-bottom:10px;"">🧸</div>
<h3 style=""font-size:16px;color:#0056b3;font-weight:700;margin:0 0 8px;"">أجسام غريبة</h3>
<p style=""font-size:14px;color:#4a5568;line-height:1.7;margin:0;"">خاصةً في المنازل ذات الأطفال. لعب، غطاء شامبو، مناشف — تُوقف المجرى فجأة</p>
</div></div></div><div style=""background:#fff8f0;border-right:6px solid #f57c00;padding:22px 28px;border-radius:12px;margin-bottom:20px;""><h3 style=""font-size:15px;color:#e65100;font-weight:700;margin:0 0 12px;"">⚠️ لا تتجاهل هذه العلامات</h3><ul style=""list-style:none;padding:0;margin:0;display:flex;flex-direction:column;gap:10px;""><li style=""display:flex;gap:10px;align-items:flex-start;background:#fff5f5;border-radius:8px;padding:12px 16px;""><span style=""color:#e53e3e;font-size:18px;flex-shrink:0;"">⚠️</span><span style=""font-size:14px;color:#4a5568;line-height:1.7;"">الماء يتجمع في القاع ويتصرف ببطء — انسداد جزئي يتطور</span></li><li style=""display:flex;gap:10px;align-items:flex-start;background:#fff5f5;border-radius:8px;padding:12px 16px;""><span style=""color:#e53e3e;font-size:18px;flex-shrink:0;"">⚠️</span><span style=""font-size:14px;color:#4a5568;line-height:1.7;"">رائحة كريهة تصعد من البلاعة — تراكم مواد عضوية</span></li><li style=""display:flex;gap:10px;align-items:flex-start;background:#fff5f5;border-radius:8px;padding:12px 16px;""><span style=""color:#e53e3e;font-size:18px;flex-shrink:0;"">⚠️</span><span style=""font-size:14px;color:#4a5568;line-height:1.7;"">أصوات غرغرة عند التصريف — هواء محاصر بسبب انسداد في الخط</span></li><li style=""display:flex;gap:10px;align-items:flex-start;background:#fff5f5;border-radius:8px;padding:12px 16px;""><span style=""color:#e53e3e;font-size:18px;flex-shrink:0;"">⚠️</span><span style=""font-size:14px;color:#4a5568;line-height:1.7;"">فيضان الماء على أرضية الحمام — انسداد كامل يحتاج تدخلاً فورياً</span></li><li style=""display:flex;gap:10px;align-items:flex-start;background:#fff5f5;border-radius:8px;padding:12px 16px;""><span style=""color:#e53e3e;font-size:18px;flex-shrink:0;"">⚠️</span><span style=""font-size:14px;color:#4a5568;line-height:1.7;"">ارتفاع المياه في المرحاض عند صرف المغسلة — انسداد في الخط الرئيسي</span></li></ul></div><div style=""background:linear-gradient(135deg,#0056b3 0%,#0097a7 100%);color:#fff;padding:36px;border-radius:18px;text-align:center;margin:30px 0;box-shadow:0 8px 24px rgba(0,86,179,0.25);"">
<h3 style=""font-size:24px;font-weight:900;margin:0 0 10px;color:#fff;"">انسداد الحمام؟ اتصل الآن — نصل خلال 45 دقيقة</h3>
<p style=""font-size:15px;margin:0 0 20px;opacity:0.9;"">خدمة طوارئ متاحة 24 ساعة في جميع أحياء دبي</p>
<p style=""font-size:28px;font-weight:900;margin:0;"">📞 0500000000 &nbsp;|&nbsp; 💬 واتساب</p>
<p style=""font-size:13px;margin:12px 0 0;opacity:0.8;"">متاح 24 ساعة — 7 أيام في الأسبوع</p>
</div></section>
<section style=""margin-bottom:50px;""><h2 style=""font-size:24px;color:#0056b3;font-weight:800;margin:0 0 20px;padding-bottom:12px;border-bottom:3px solid #e0eaf5;"">🤖 تقنيات تسليك المجاري المتطورة التي نستخدمها في دبي</h2><div style=""background:#f0f7ff;border-right:6px solid #0056b3;padding:25px 30px;border-radius:15px;margin-bottom:25px;box-shadow:0 4px 10px rgba(0,0,0,0.05);""><p style=""font-size:15px;line-height:1.9;color:#2d3748;margin:0 0 12px;"">اخترنا لفريقنا أفضل وأحدث المعدات المتاحة في صناعة تسليك المجاري. كل تقنية تُستخدم في السيناريو المناسب لها — الأداة الصحيحة تُنهي العمل أسرع وبنتيجة أدوم وبدون أضرار جانبية.</p></div><div style=""display:flex;flex-direction:column;gap:14px;margin:16px 0;""><div style=""background:#fff;border:1px solid #dce8f7;border-radius:12px;padding:20px;display:flex;gap:16px;align-items:flex-start;box-shadow:0 2px 6px rgba(0,86,179,0.05);"">
<div style=""font-size:36px;flex-shrink:0;"">💧</div>
<div><h3 style=""font-size:15px;color:#0056b3;font-weight:700;margin:0 0 6px;""><span style=""background:#0056b3;color:#fff;font-size:11px;padding:2px 8px;border-radius:10px;margin-right:8px;"">الأكثر فعالية</span>هيدروجيت — الماء عالي الضغط</h3>
<p style=""font-size:13px;color:#4a5568;margin:0;line-height:1.7;"">الأقوى والأكثر استخداماً. ضغط مائي يصل إلى 3000 بار يُكسّر تراكمات الدهون والرواسب ويجرف الانسداد بالكامل. مثالي للمجاري الكبيرة والانسدادات الشديدة.</p></div>
</div><div style=""background:#fff;border:1px solid #dce8f7;border-radius:12px;padding:20px;display:flex;gap:16px;align-items:flex-start;box-shadow:0 2px 6px rgba(0,86,179,0.05);"">
<div style=""font-size:36px;flex-shrink:0;"">📹</div>
<div><h3 style=""font-size:15px;color:#0056b3;font-weight:700;margin:0 0 6px;""><span style=""background:#0056b3;color:#fff;font-size:11px;padding:2px 8px;border-radius:10px;margin-right:8px;"">دقة عالية</span>كاميرا التفتيش بالألياف البصرية</h3>
<p style=""font-size:13px;color:#4a5568;margin:0;line-height:1.7;"">نُدخلها في الأنبوب فترينا بالضبط أين المشكلة وما طبيعتها قبل أن نبدأ. تُلغي التخمين وتضمن اختيار الحل الصحيح.</p></div>
</div><div style=""background:#fff;border:1px solid #dce8f7;border-radius:12px;padding:20px;display:flex;gap:16px;align-items:flex-start;box-shadow:0 2px 6px rgba(0,86,179,0.05);"">
<div style=""font-size:36px;flex-shrink:0;"">🤖</div>
<div><h3 style=""font-size:15px;color:#0056b3;font-weight:700;margin:0 0 6px;""><span style=""background:#0056b3;color:#fff;font-size:11px;padding:2px 8px;border-radius:10px;margin-right:8px;"">للأماكن الضيقة</span>الروبوت الذكي لتسليك المجاري</h3>
<p style=""font-size:13px;color:#4a5568;margin:0;line-height:1.7;"">للأنابيب الضيقة والأماكن التي لا يصلها الإنسان أو الخراطيم العادية. مجهّز بكاميرا وأدوات تسليك يتحكم بها الفني من الخارج.</p></div>
</div><div style=""background:#fff;border:1px solid #dce8f7;border-radius:12px;padding:20px;display:flex;gap:16px;align-items:flex-start;box-shadow:0 2px 6px rgba(0,86,179,0.05);"">
<div style=""font-size:36px;flex-shrink:0;"">💨</div>
<div><h3 style=""font-size:15px;color:#0056b3;font-weight:700;margin:0 0 6px;""><span style=""background:#0056b3;color:#fff;font-size:11px;padding:2px 8px;border-radius:10px;margin-right:8px;"">للدهون الشديدة</span>الستيمر — البخار عالي الحرارة</h3>
<p style=""font-size:13px;color:#4a5568;margin:0;line-height:1.7;"">بخار بضغط عالٍ وحرارة مرتفعة يُذيب الدهون المتصلّبة ويُعقّم الأنابيب في آنٍ واحد. مثالي لمجاري المطاعم والمطابخ التجارية.</p></div>
</div><div style=""background:#fff;border:1px solid #dce8f7;border-radius:12px;padding:20px;display:flex;gap:16px;align-items:flex-start;box-shadow:0 2px 6px rgba(0,86,179,0.05);"">
<div style=""font-size:36px;flex-shrink:0;"">🌊</div>
<div><h3 style=""font-size:15px;color:#0056b3;font-weight:700;margin:0 0 6px;""><span style=""background:#0056b3;color:#fff;font-size:11px;padding:2px 8px;border-radius:10px;margin-right:8px;"">لانسدادات خفيفة</span>الفراغ الهوائي (الفاكيوم)</h3>
<p style=""font-size:13px;color:#4a5568;margin:0;line-height:1.7;"">يخلق ضغطاً سالباً داخل الأنبوب يشفط الانسداد بدلاً من دفعه. مفيد جداً للانسدادات القريبة من الفتحة.</p></div>
</div><div style=""background:#fff;border:1px solid #dce8f7;border-radius:12px;padding:20px;display:flex;gap:16px;align-items:flex-start;box-shadow:0 2px 6px rgba(0,86,179,0.05);"">
<div style=""font-size:36px;flex-shrink:0;"">🧪</div>
<div><h3 style=""font-size:15px;color:#0056b3;font-weight:700;margin:0 0 6px;""><span style=""background:#0056b3;color:#fff;font-size:11px;padding:2px 8px;border-radius:10px;margin-right:8px;"">تحت إشراف متخصص</span>المواد الكيميائية المتخصصة</h3>
<p style=""font-size:13px;color:#4a5568;margin:0;line-height:1.7;"">أحماض ومحاليل مُعتمدة للاستخدام المهني تُذيب الرواسب العضوية. تختلف تماماً عن منظفات المحلات — أقوى وأأمن على الأنابيب.</p></div>
</div></div><div style=""background:#fffde7;border-right:6px solid #f9a825;padding:20px 26px;border-radius:12px;margin-bottom:20px;""><p style=""font-size:15px;line-height:1.9;color:#2d3748;margin:0 0 12px;"">💡 <strong>ملاحظة الخبير:</strong> لا توجد تقنية واحدة مثالية لكل الحالات. الفريق المحترف يختار التقنية المناسبة بعد التشخيص — لهذا التشخيص الأولي بالكاميرا خطوة لا نتجاوزها في ركن التطور.</p></div></section>
<section style=""margin-bottom:50px;""><h2 style=""font-size:24px;color:#0056b3;font-weight:800;margin:0 0 20px;padding-bottom:12px;border-bottom:3px solid #e0eaf5;"">🚨 مخاطر إهمال انسداد المجاري — لا تتهاون</h2><div style=""background:#fff8f0;border-right:6px solid #f57c00;padding:22px 28px;border-radius:12px;margin-bottom:20px;""><p style=""font-size:15px;line-height:1.9;color:#2d3748;margin:0 0 12px;"">كثيرون يتجاهلون بطء تصريف الماء ويؤجلون الإصلاح. هذا التأجيل يُحوّل مشكلة بسيطة بسعر منخفض إلى كارثة بتكاليف باهظة. إليك ما يحدث حين تتجاهل الانسداد:</p></div><ul style=""list-style:none;padding:0;margin:0;display:flex;flex-direction:column;gap:10px;""><li style=""display:flex;gap:10px;align-items:flex-start;background:#fff5f5;border-radius:8px;padding:12px 16px;""><span style=""color:#e53e3e;font-size:18px;flex-shrink:0;"">⚠️</span><span style=""font-size:14px;color:#4a5568;line-height:1.7;"">تراكم المياه الراكدة والروائح الكريهة التي تجعل المنزل غير صالح للعيش</span></li><li style=""display:flex;gap:10px;align-items:flex-start;background:#fff5f5;border-radius:8px;padding:12px 16px;""><span style=""color:#e53e3e;font-size:18px;flex-shrink:0;"">⚠️</span><span style=""font-size:14px;color:#4a5568;line-height:1.7;"">نمو البكتيريا والفطريات في المياه الراكدة وانتشار الأمراض التنفسية والجلدية</span></li><li style=""display:flex;gap:10px;align-items:flex-start;background:#fff5f5;border-radius:8px;padding:12px 16px;""><span style=""color:#e53e3e;font-size:18px;flex-shrink:0;"">⚠️</span><span style=""font-size:14px;color:#4a5568;line-height:1.7;"">ارتفاع ضغط الماء داخل الأنابيب المسدودة مما يُسبّب انفجارها وأضرار هيكلية ضخمة</span></li><li style=""display:flex;gap:10px;align-items:flex-start;background:#fff5f5;border-radius:8px;padding:12px 16px;""><span style=""color:#e53e3e;font-size:18px;flex-shrink:0;"">⚠️</span><span style=""font-size:14px;color:#4a5568;line-height:1.7;"">تسرب المياه القذرة إلى الجدران والأسقف ونمو العفن الذي يتطلب ترميماً مكلفاً</span></li><li style=""display:flex;gap:10px;align-items:flex-start;background:#fff5f5;border-radius:8px;padding:12px 16px;""><span style=""color:#e53e3e;font-size:18px;flex-shrink:0;"">⚠️</span><span style=""font-size:14px;color:#4a5568;line-height:1.7;"">ظهور الحشرات: الصراصير والفئران التي تتخذ من المجاري المسدودة موطناً</span></li><li style=""display:flex;gap:10px;align-items:flex-start;background:#fff5f5;border-radius:8px;padding:12px 16px;""><span style=""color:#e53e3e;font-size:18px;flex-shrink:0;"">⚠️</span><span style=""font-size:14px;color:#4a5568;line-height:1.7;"">تآكل الأرضيات وانفصال البلاط بسبب تشرب المياه الملوثة</span></li><li style=""display:flex;gap:10px;align-items:flex-start;background:#fff5f5;border-radius:8px;padding:12px 16px;""><span style=""color:#e53e3e;font-size:18px;flex-shrink:0;"">⚠️</span><span style=""font-size:14px;color:#4a5568;line-height:1.7;"">غرامات من بلدية دبي عند تسريب مياه الصرف لمناطق عامة</span></li><li style=""display:flex;gap:10px;align-items:flex-start;background:#fff5f5;border-radius:8px;padding:12px 16px;""><span style=""color:#e53e3e;font-size:18px;flex-shrink:0;"">⚠️</span><span style=""font-size:14px;color:#4a5568;line-height:1.7;"">تلف المعدات والأجهزة الكهربائية الموجودة قرب الأنابيب المنفجرة</span></li></ul><div style=""background:#f0fff4;border-right:6px solid #2e7d32;padding:22px 28px;border-radius:12px;margin-bottom:20px;""><p style=""font-size:15px;line-height:1.9;color:#2d3748;margin:0 0 12px;"">✅ <strong>الخبر الجيد:</strong> كل هذه المخاطر قابلة للتجنب 100% بتسليك احترافي في الوقت المناسب. ساعة عمل مع فريق ركن التطور توفّر عليك أيام من المعاناة وآلاف الدراهم من تكاليف الإصلاح.</p></div></section>
<section style=""margin-bottom:50px;""><h2 style=""font-size:24px;color:#0056b3;font-weight:800;margin:0 0 20px;padding-bottom:12px;border-bottom:3px solid #e0eaf5;"">💡 نصائح ذهبية لتجنب انسداد المجاري في دبي</h2><div style=""background:#f0f7ff;border-right:6px solid #0056b3;padding:25px 30px;border-radius:15px;margin-bottom:25px;box-shadow:0 4px 10px rgba(0,0,0,0.05);""><p style=""font-size:15px;line-height:1.9;color:#2d3748;margin:0 0 12px;"">الوقاية أسهل وأرخص من العلاج. هذه النصائح من خبراء ركن التطور تُقلّل بشكل كبير من احتمالية الانسداد:</p></div><div style=""background:#fff;border:1px solid #e0eaf5;padding:22px 26px;border-radius:12px;margin-bottom:20px;box-shadow:0 2px 8px rgba(0,86,179,0.06);""><h3 style=""font-size:16px;color:#0056b3;font-weight:700;margin:0 0 14px;"">✅ في المطبخ</h3><ul style=""list-style:none;padding:0;margin:0;display:flex;flex-direction:column;gap:10px;""><li style=""display:flex;gap:10px;align-items:flex-start;background:#f0fff4;border-radius:8px;padding:12px 16px;""><span style=""font-size:18px;flex-shrink:0;"">✅</span><span style=""font-size:14px;color:#4a5568;line-height:1.7;"">لا تصبّ الدهون والزيوت المستعملة في البالوعة — اجمعها في وعاء واتركها لتتجمد ثم ارمها في القمامة</span></li><li style=""display:flex;gap:10px;align-items:flex-start;background:#f0fff4;border-radius:8px;padding:12px 16px;""><span style=""font-size:18px;flex-shrink:0;"">✅</span><span style=""font-size:14px;color:#4a5568;line-height:1.7;"">ضع مصفاة (فلتر) على فتحة بالوعة المطبخ لمنع بقايا الطعام من الدخول</span></li><li style=""display:flex;gap:10px;align-items:flex-start;background:#f0fff4;border-radius:8px;padding:12px 16px;""><span style=""font-size:18px;flex-shrink:0;"">✅</span><span style=""font-size:14px;color:#4a5568;line-height:1.7;"">اسكب ماء ساخناً في البالوعة مرة في الأسبوع لإذابة التراكمات الخفيفة</span></li><li style=""display:flex;gap:10px;align-items:flex-start;background:#f0fff4;border-radius:8px;padding:12px 16px;""><span style=""font-size:18px;flex-shrink:0;"">✅</span><span style=""font-size:14px;color:#4a5568;line-height:1.7;"">كل 3 أشهر: صبّ كوب من خل التفاح + نصف كوب بيكربونات الصوديوم ثم ماء ساخن بعد 15 دقيقة</span></li></ul></div><div style=""background:#fff;border:1px solid #e0eaf5;padding:22px 26px;border-radius:12px;margin-bottom:20px;box-shadow:0 2px 8px rgba(0,86,179,0.06);""><h3 style=""font-size:16px;color:#0056b3;font-weight:700;margin:0 0 14px;"">✅ في الحمام</h3><ul style=""list-style:none;padding:0;margin:0;display:flex;flex-direction:column;gap:10px;""><li style=""display:flex;gap:10px;align-items:flex-start;background:#f0fff4;border-radius:8px;padding:12px 16px;""><span style=""font-size:18px;flex-shrink:0;"">✅</span><span style=""font-size:14px;color:#4a5568;line-height:1.7;"">ضع مصيدة شعر (hair catcher) على فتحة الدش ونظّفها أسبوعياً</span></li><li style=""display:flex;gap:10px;align-items:flex-start;background:#f0fff4;border-radius:8px;padding:12px 16px;""><span style=""font-size:18px;flex-shrink:0;"">✅</span><span style=""font-size:14px;color:#4a5568;line-height:1.7;"">لا تضع مناشف ورقية أو مفرش حمام في المرحاض — فقط ورق التواليت</span></li><li style=""display:flex;gap:10px;align-items:flex-start;background:#f0fff4;border-radius:8px;padding:12px 16px;""><span style=""font-size:18px;flex-shrink:0;"">✅</span><span style=""font-size:14px;color:#4a5568;line-height:1.7;"">علّم الأطفال ألا يرموا أي أجسام في المراحيض أو البلاعات</span></li><li style=""display:flex;gap:10px;align-items:flex-start;background:#f0fff4;border-radius:8px;padding:12px 16px;""><span style=""font-size:18px;flex-shrink:0;"">✅</span><span style=""font-size:14px;color:#4a5568;line-height:1.7;"">مرة شهرياً: استخدم منظّف البيولوجي الطبيعي لإذابة الشعر والمواد العضوية</span></li></ul></div><div style=""background:#fff;border:1px solid #e0eaf5;padding:22px 26px;border-radius:12px;margin-bottom:20px;box-shadow:0 2px 8px rgba(0,86,179,0.06);""><h3 style=""font-size:16px;color:#0056b3;font-weight:700;margin:0 0 14px;"">✅ صيانة دورية</h3><ul style=""list-style:none;padding:0;margin:0;display:flex;flex-direction:column;gap:10px;""><li style=""display:flex;gap:10px;align-items:flex-start;background:#f0fff4;border-radius:8px;padding:12px 16px;""><span style=""font-size:18px;flex-shrink:0;"">✅</span><span style=""font-size:14px;color:#4a5568;line-height:1.7;"">اطلب تسليكاً وقائياً كل 6-12 شهراً حتى لو لم يظهر انسداد — يمنع الانسداد قبل حدوثه</span></li><li style=""display:flex;gap:10px;align-items:flex-start;background:#f0fff4;border-radius:8px;padding:12px 16px;""><span style=""font-size:18px;flex-shrink:0;"">✅</span><span style=""font-size:14px;color:#4a5568;line-height:1.7;"">افحص البيارة كل 6 أشهر وشفطها إذا بلغت 70% من سعتها</span></li><li style=""display:flex;gap:10px;align-items:flex-start;background:#f0fff4;border-radius:8px;padding:12px 16px;""><span style=""font-size:18px;flex-shrink:0;"">✅</span><span style=""font-size:14px;color:#4a5568;line-height:1.7;"">تحقق من الوصلات والصواني الخارجية للصرف خاصة بعد الأمطار</span></li><li style=""display:flex;gap:10px;align-items:flex-start;background:#f0fff4;border-radius:8px;padding:12px 16px;""><span style=""font-size:18px;flex-shrink:0;"">✅</span><span style=""font-size:14px;color:#4a5568;line-height:1.7;"">لاحظ فاتورة مياهك — ارتفاع غير مبرر قد يعني تسرباً في الشبكة</span></li></ul></div><div style=""background:#fffde7;border-right:6px solid #f9a825;padding:20px 26px;border-radius:12px;margin-bottom:20px;""><p style=""font-size:15px;line-height:1.9;color:#2d3748;margin:0 0 12px;"">💡 <strong>برنامج الصيانة الوقائية لركن التطور:</strong> اشترك في خطة الصيانة السنوية واحصل على زيارتين سنوياً بخصم 30% مع أولوية الطوارئ. مثالي للمطاعم والمطابخ التجارية والفنادق.</p></div></section>
<section style=""margin-bottom:50px;""><h2 style=""font-size:24px;color:#0056b3;font-weight:800;margin:0 0 20px;padding-bottom:12px;border-bottom:3px solid #e0eaf5;"">📍 نخدم جميع أحياء ومناطق دبي</h2><div style=""background:#f0f7ff;border-right:6px solid #0056b3;padding:25px 30px;border-radius:15px;margin-bottom:25px;box-shadow:0 4px 10px rgba(0,0,0,0.05);""><p style=""font-size:15px;line-height:1.9;color:#2d3748;margin:0 0 12px;"">فريق ركن التطور موزّع استراتيجياً على <strong>جميع مناطق دبي</strong> لضمان وصول سريع لا يتجاوز 45 دقيقة في أغلب الأحياء. سواء كنت في قلب المدينة أو في أطراف دبي، نحن قريبون منك:</p></div><div style=""display:grid;grid-template-columns:repeat(auto-fit,minmax(160px,1fr));gap:10px;margin:16px 0;""><div style=""background:#f0f7ff;border:1px solid #c3daf7;border-radius:8px;padding:10px 14px;text-align:center;font-size:14px;color:#0056b3;font-weight:600;"">📍 وسط مدينة دبي</div><div style=""background:#f0f7ff;border:1px solid #c3daf7;border-radius:8px;padding:10px 14px;text-align:center;font-size:14px;color:#0056b3;font-weight:600;"">📍 مرسى دبي</div><div style=""background:#f0f7ff;border:1px solid #c3daf7;border-radius:8px;padding:10px 14px;text-align:center;font-size:14px;color:#0056b3;font-weight:600;"">📍 جميرا</div><div style=""background:#f0f7ff;border:1px solid #c3daf7;border-radius:8px;padding:10px 14px;text-align:center;font-size:14px;color:#0056b3;font-weight:600;"">📍 الخليج التجاري</div><div style=""background:#f0f7ff;border:1px solid #c3daf7;border-radius:8px;padding:10px 14px;text-align:center;font-size:14px;color:#0056b3;font-weight:600;"">📍 ديرة</div><div style=""background:#f0f7ff;border:1px solid #c3daf7;border-radius:8px;padding:10px 14px;text-align:center;font-size:14px;color:#0056b3;font-weight:600;"">📍 البرشاء</div><div style=""background:#f0f7ff;border:1px solid #c3daf7;border-radius:8px;padding:10px 14px;text-align:center;font-size:14px;color:#0056b3;font-weight:600;"">📍 القصيص</div><div style=""background:#f0f7ff;border:1px solid #c3daf7;border-radius:8px;padding:10px 14px;text-align:center;font-size:14px;color:#0056b3;font-weight:600;"">📍 الراشدية</div><div style=""background:#f0f7ff;border:1px solid #c3daf7;border-radius:8px;padding:10px 14px;text-align:center;font-size:14px;color:#0056b3;font-weight:600;"">📍 الكرامة</div><div style=""background:#f0f7ff;border:1px solid #c3daf7;border-radius:8px;padding:10px 14px;text-align:center;font-size:14px;color:#0056b3;font-weight:600;"">📍 السطوة</div><div style=""background:#f0f7ff;border:1px solid #c3daf7;border-radius:8px;padding:10px 14px;text-align:center;font-size:14px;color:#0056b3;font-weight:600;"">📍 الورقاء</div><div style=""background:#f0f7ff;border:1px solid #c3daf7;border-radius:8px;padding:10px 14px;text-align:center;font-size:14px;color:#0056b3;font-weight:600;"">📍 مدينة دبي الرياضية</div><div style=""background:#f0f7ff;border:1px solid #c3daf7;border-radius:8px;padding:10px 14px;text-align:center;font-size:14px;color:#0056b3;font-weight:600;"">📍 بر دبي</div><div style=""background:#f0f7ff;border:1px solid #c3daf7;border-radius:8px;padding:10px 14px;text-align:center;font-size:14px;color:#0056b3;font-weight:600;"">📍 دبي مارينا</div><div style=""background:#f0f7ff;border:1px solid #c3daf7;border-radius:8px;padding:10px 14px;text-align:center;font-size:14px;color:#0056b3;font-weight:600;"">📍 نخلة جميرا</div></div><div style=""background:#fff;border:1px solid #e0eaf5;padding:22px 26px;border-radius:12px;margin-bottom:20px;box-shadow:0 2px 8px rgba(0,86,179,0.06);""><h3 style=""font-size:16px;color:#0056b3;font-weight:700;margin:0 0 14px;"">🏢 نخدم أيضاً</h3><div style=""display:grid;grid-template-columns:repeat(auto-fit,minmax(220px,1fr));gap:16px;margin:20px 0;""><div style=""background:#fff;border:1px solid #dce8f7;border-radius:12px;padding:20px;box-shadow:0 2px 8px rgba(0,86,179,0.07);"">
<div style=""font-size:32px;margin-bottom:10px;"">🏠</div>
<h3 style=""font-size:16px;color:#0056b3;font-weight:700;margin:0 0 8px;"">الفلل والمنازل</h3>
<p style=""font-size:14px;color:#4a5568;line-height:1.7;margin:0;"">تسليك وصيانة كاملة لأنظمة الصرف السكني</p>
</div><div style=""background:#fff;border:1px solid #dce8f7;border-radius:12px;padding:20px;box-shadow:0 2px 8px rgba(0,86,179,0.07);"">
<div style=""font-size:32px;margin-bottom:10px;"">🏢</div>
<h3 style=""font-size:16px;color:#0056b3;font-weight:700;margin:0 0 8px;"">المباني التجارية</h3>
<p style=""font-size:14px;color:#4a5568;line-height:1.7;margin:0;"">عقود صيانة دورية للمكاتب والمجمعات التجارية</p>
</div><div style=""background:#fff;border:1px solid #dce8f7;border-radius:12px;padding:20px;box-shadow:0 2px 8px rgba(0,86,179,0.07);"">
<div style=""font-size:32px;margin-bottom:10px;"">🍴</div>
<h3 style=""font-size:16px;color:#0056b3;font-weight:700;margin:0 0 8px;"">المطاعم والمطابخ</h3>
<p style=""font-size:14px;color:#4a5568;line-height:1.7;margin:0;"">خدمة متخصصة لمجاري المطابخ التجارية عالية الحمل</p>
</div><div style=""background:#fff;border:1px solid #dce8f7;border-radius:12px;padding:20px;box-shadow:0 2px 8px rgba(0,86,179,0.07);"">
<div style=""font-size:32px;margin-bottom:10px;"">🏨</div>
<h3 style=""font-size:16px;color:#0056b3;font-weight:700;margin:0 0 8px;"">الفنادق والمنتجعات</h3>
<p style=""font-size:14px;color:#4a5568;line-height:1.7;margin:0;"">بروتوكولات عمل خاصة تضمن عدم إزعاج النزلاء</p>
</div><div style=""background:#fff;border:1px solid #dce8f7;border-radius:12px;padding:20px;box-shadow:0 2px 8px rgba(0,86,179,0.07);"">
<div style=""font-size:32px;margin-bottom:10px;"">🏗️</div>
<h3 style=""font-size:16px;color:#0056b3;font-weight:700;margin:0 0 8px;"">مواقع البناء</h3>
<p style=""font-size:14px;color:#4a5568;line-height:1.7;margin:0;"">تسليك وصيانة لأنظمة الصرف أثناء وبعد الإنشاء</p>
</div><div style=""background:#fff;border:1px solid #dce8f7;border-radius:12px;padding:20px;box-shadow:0 2px 8px rgba(0,86,179,0.07);"">
<div style=""font-size:32px;margin-bottom:10px;"">🏥</div>
<h3 style=""font-size:16px;color:#0056b3;font-weight:700;margin:0 0 8px;"">المستشفيات والعيادات</h3>
<p style=""font-size:14px;color:#4a5568;line-height:1.7;margin:0;"">معايير نظافة ومعقمات خاصة لمنشآت الرعاية الصحية</p>
</div></div></div><div style=""background:linear-gradient(135deg,#0056b3 0%,#0097a7 100%);color:#fff;padding:36px;border-radius:18px;text-align:center;margin:30px 0;box-shadow:0 8px 24px rgba(0,86,179,0.25);"">
<h3 style=""font-size:24px;font-weight:900;margin:0 0 10px;color:#fff;"">تواصل معنا الآن — نحن في منطقتك</h3>
<p style=""font-size:15px;margin:0 0 20px;opacity:0.9;"">خدمة 24/7 في جميع أحياء دبي | اتصل أو واتساب: 0500000000</p>
<p style=""font-size:28px;font-weight:900;margin:0;"">📞 0500000000 &nbsp;|&nbsp; 💬 واتساب</p>
<p style=""font-size:13px;margin:12px 0 0;opacity:0.8;"">متاح 24 ساعة — 7 أيام في الأسبوع</p>
</div></section>
<section style=""margin-bottom:50px;""><h2 style=""font-size:24px;color:#0056b3;font-weight:800;margin:0 0 20px;padding-bottom:12px;border-bottom:3px solid #e0eaf5;"">❓ الأسئلة الشائعة عن تسليك المجاري في دبي</h2><div style=""background:#f0f7ff;border-right:6px solid #0056b3;padding:25px 30px;border-radius:15px;margin-bottom:25px;box-shadow:0 4px 10px rgba(0,0,0,0.05);""><p style=""font-size:15px;line-height:1.9;color:#2d3748;margin:0 0 12px;"">إجابات مباشرة وصادقة لأكثر الأسئلة التي يسألها عملاؤنا:</p></div><div style=""border:1px solid #dce8f7;border-radius:12px;overflow:hidden;margin-bottom:12px;"">
<div style=""background:#f0f7ff;padding:16px 20px;font-weight:700;color:#0056b3;font-size:15px;"">❓ كم يستغرق تسليك المجاري في المنزل العادي؟</div>
<div style=""background:#fff;padding:16px 20px;font-size:14px;color:#4a5568;line-height:1.8;"">💬 الانسداد البسيط في حمام أو مطبخ يُحلّ في 30-60 دقيقة. الحالات الأكثر تعقيداً التي تشمل الخط الرئيسي قد تحتاج 2-3 ساعات. نُقدّر الوقت بدقة أكبر بعد الفحص الأولي بالكاميرا.</div>
</div><div style=""border:1px solid #dce8f7;border-radius:12px;overflow:hidden;margin-bottom:12px;"">
<div style=""background:#f0f7ff;padding:16px 20px;font-weight:700;color:#0056b3;font-size:15px;"">❓ هل التسليك يُتلف الأنابيب أو يُسبّب تشققات؟</div>
<div style=""background:#fff;padding:16px 20px;font-size:14px;color:#4a5568;line-height:1.8;"">💬 لا، عند استخدام المعدات الصحيحة والضغط المناسب. الهيدروجيت مثلاً مُعاير بضغط لا يتجاوز ما تتحمله الأنابيب. الخطر يكون فقط حين يستخدم أشخاص غير متخصصين أدوات خاطئة أو ضغطاً مرتفعاً بدون معرفة.</div>
</div><div style=""border:1px solid #dce8f7;border-radius:12px;overflow:hidden;margin-bottom:12px;"">
<div style=""background:#f0f7ff;padding:16px 20px;font-weight:700;color:#0056b3;font-size:15px;"">❓ هل تعملون في وقت متأخر من الليل وعطل نهاية الأسبوع؟</div>
<div style=""background:#fff;padding:16px 20px;font-size:14px;color:#4a5568;line-height:1.8;"">💬 نعم، فريق الطوارئ لدينا متاح 24/7 طوال أيام الأسبوع بما فيها الجمعة والسبت والأعياد الرسمية. الانسداد لا يختار توقيته، ونحن كذلك.</div>
</div><div style=""border:1px solid #dce8f7;border-radius:12px;overflow:hidden;margin-bottom:12px;"">
<div style=""background:#f0f7ff;padding:16px 20px;font-weight:700;color:#0056b3;font-size:15px;"">❓ ما تكلفة تسليك المجاري في دبي؟</div>
<div style=""background:#fff;padding:16px 20px;font-size:14px;color:#4a5568;line-height:1.8;"">💬 السعر يعتمد على نوع الانسداد وموقعه والتقنية المطلوبة. التسليك البسيط بالسنارة يبدأ من 150 درهم، والهيدروجيت من 300 درهم. نُقدّم السعر قبل البدء بالعمل بدون التزام.</div>
</div><div style=""border:1px solid #dce8f7;border-radius:12px;overflow:hidden;margin-bottom:12px;"">
<div style=""background:#f0f7ff;padding:16px 20px;font-weight:700;color:#0056b3;font-size:15px;"">❓ هل تُقدّمون فاتورة رسمية وضمان مكتوب؟</div>
<div style=""background:#fff;padding:16px 20px;font-size:14px;color:#4a5568;line-height:1.8;"">💬 نعم. فاتورة ضريبية رسمية مع كل خدمة، وشهادة إتمام العمل، وضمان مكتوب على الإصلاح. هذا حق من حقوقك لا تتنازل عنه.</div>
</div><div style=""border:1px solid #dce8f7;border-radius:12px;overflow:hidden;margin-bottom:12px;"">
<div style=""background:#f0f7ff;padding:16px 20px;font-weight:700;color:#0056b3;font-size:15px;"">❓ هل يمكن تسليك المجاري بدون فتح الأرضيات أو الجدران؟</div>
<div style=""background:#fff;padding:16px 20px;font-size:14px;color:#4a5568;line-height:1.8;"">💬 في معظم الحالات نعم. التقنيات الحديثة كالهيدروجيت والروبوتات الذكية تُتيح التسليك عبر الفتحات الموجودة دون أي حفر. الكاميرا التفتيشية تُحدد أولاً إذا كانت هناك حاجة لأي فتح.</div>
</div><div style=""border:1px solid #dce8f7;border-radius:12px;overflow:hidden;margin-bottom:12px;"">
<div style=""background:#f0f7ff;padding:16px 20px;font-weight:700;color:#0056b3;font-size:15px;"">❓ كيف أعرف أن الانسداد في خط الصرف الرئيسي أو فرعي؟</div>
<div style=""background:#fff;padding:16px 20px;font-size:14px;color:#4a5568;line-height:1.8;"">💬 الانسداد الرئيسي يُؤثّر على أكثر من نقطة في نفس الوقت — مثلاً: المرحاض والمغسلة كلاهما بطيء في نفس الوقت. الانسداد الفرعي يكون في نقطة واحدة فقط. الكاميرا التفتيشية تُحدد بدقة.</div>
</div><div style=""border:1px solid #dce8f7;border-radius:12px;overflow:hidden;margin-bottom:12px;"">
<div style=""background:#f0f7ff;padding:16px 20px;font-weight:700;color:#0056b3;font-size:15px;"">❓ هل تقدمون عقود صيانة دورية للمطاعم والمنشآت التجارية؟</div>
<div style=""background:#fff;padding:16px 20px;font-size:14px;color:#4a5568;line-height:1.8;"">💬 نعم، هذه من خدماتنا الرئيسية. عقد الصيانة الدورية يشمل زيارات منتظمة للفحص والتسليك الوقائي بسعر أقل من التدخل في حالات الطوارئ. تواصل معنا للحصول على عرض مخصص لمنشأتك.</div>
</div></section>
<section style=""margin-bottom:50px;""><h2 style=""font-size:24px;color:#0056b3;font-weight:800;margin:0 0 20px;padding-bottom:12px;border-bottom:3px solid #e0eaf5;"">💰 أسعار تسليك المجاري في دبي — الشفافية أولاً</h2><div style=""background:#f0f7ff;border-right:6px solid #0056b3;padding:25px 30px;border-radius:15px;margin-bottom:25px;box-shadow:0 4px 10px rgba(0,0,0,0.05);""><p style=""font-size:15px;line-height:1.9;color:#2d3748;margin:0 0 12px;"">نحن في <strong style=""color:#0056b3;"">ركن التطور</strong> نؤمن بالشفافية التامة في التسعير. لا مفاجآت، لا رسوم مخفية. الجدول أدناه يُعطيك فكرة عن الأسعار — والسعر النهائي يُحدد بعد التشخيص الأولي المجاني:</p></div><div style=""overflow-x:auto;margin:16px 0;"">
<table style=""width:100%;border-collapse:collapse;direction:rtl;"">
<thead>
<tr style=""background:#0056b3;color:#fff;"">
<th style=""padding:14px 18px;text-align:right;font-size:14px;border-radius:8px 0 0 0;"">الخدمة</th>
<th style=""padding:14px 18px;text-align:right;font-size:14px;"">الوصف</th>
<th style=""padding:14px 18px;text-align:right;font-size:14px;"">السعر (درهم)</th>
<th style=""padding:14px 18px;text-align:right;font-size:14px;border-radius:0 8px 0 0;"">الوقت</th>
</tr>
</thead>
<tbody>
<tr style=""background:#f8fbff;""><td style=""padding:13px 18px;border-bottom:1px solid #e0eaf5;font-size:14px;font-weight:600;color:#0056b3;"">تسليك بسيط (سنارة)</td><td style=""padding:13px 18px;border-bottom:1px solid #e0eaf5;font-size:13px;color:#4a5568;"">انسداد خفيف في مطبخ أو حمام</td><td style=""padding:13px 18px;border-bottom:1px solid #e0eaf5;font-size:14px;font-weight:700;color:#2e7d32;"">150 – 250</td><td style=""padding:13px 18px;border-bottom:1px solid #e0eaf5;font-size:13px;color:#4a5568;"">30 دقيقة</td></tr><tr style=""background:#fff;""><td style=""padding:13px 18px;border-bottom:1px solid #e0eaf5;font-size:14px;font-weight:600;color:#0056b3;"">تسليك بالهيدروجيت</td><td style=""padding:13px 18px;border-bottom:1px solid #e0eaf5;font-size:13px;color:#4a5568;"">انسدادات الدهون والرواسب الشديدة</td><td style=""padding:13px 18px;border-bottom:1px solid #e0eaf5;font-size:14px;font-weight:700;color:#2e7d32;"">300 – 600</td><td style=""padding:13px 18px;border-bottom:1px solid #e0eaf5;font-size:13px;color:#4a5568;"">1-2 ساعة</td></tr><tr style=""background:#f8fbff;""><td style=""padding:13px 18px;border-bottom:1px solid #e0eaf5;font-size:14px;font-weight:600;color:#0056b3;"">فحص بالكاميرا التفتيشية</td><td style=""padding:13px 18px;border-bottom:1px solid #e0eaf5;font-size:13px;color:#4a5568;"">تشخيص الخط والانسداد بدقة</td><td style=""padding:13px 18px;border-bottom:1px solid #e0eaf5;font-size:14px;font-weight:700;color:#2e7d32;"">200 – 350</td><td style=""padding:13px 18px;border-bottom:1px solid #e0eaf5;font-size:13px;color:#4a5568;"">30-60 دقيقة</td></tr><tr style=""background:#fff;""><td style=""padding:13px 18px;border-bottom:1px solid #e0eaf5;font-size:14px;font-weight:600;color:#0056b3;"">شفط بيارة (صغيرة)</td><td style=""padding:13px 18px;border-bottom:1px solid #e0eaf5;font-size:13px;color:#4a5568;"">بيارات منزلية حتى 3000 لتر</td><td style=""padding:13px 18px;border-bottom:1px solid #e0eaf5;font-size:14px;font-weight:700;color:#2e7d32;"">350 – 550</td><td style=""padding:13px 18px;border-bottom:1px solid #e0eaf5;font-size:13px;color:#4a5568;"">45-60 دقيقة</td></tr><tr style=""background:#f8fbff;""><td style=""padding:13px 18px;border-bottom:1px solid #e0eaf5;font-size:14px;font-weight:600;color:#0056b3;"">شفط بيارة (كبيرة)</td><td style=""padding:13px 18px;border-bottom:1px solid #e0eaf5;font-size:13px;color:#4a5568;"">بيارات تجارية وكبيرة</td><td style=""padding:13px 18px;border-bottom:1px solid #e0eaf5;font-size:14px;font-weight:700;color:#2e7d32;"">600 – 1200</td><td style=""padding:13px 18px;border-bottom:1px solid #e0eaf5;font-size:13px;color:#4a5568;"">1-3 ساعات</td></tr><tr style=""background:#fff;""><td style=""padding:13px 18px;border-bottom:1px solid #e0eaf5;font-size:14px;font-weight:600;color:#0056b3;"">تسليك الخط الرئيسي</td><td style=""padding:13px 18px;border-bottom:1px solid #e0eaf5;font-size:13px;color:#4a5568;"">الخط الصرف الرئيسي للمبنى</td><td style=""padding:13px 18px;border-bottom:1px solid #e0eaf5;font-size:14px;font-weight:700;color:#2e7d32;"">500 – 1000</td><td style=""padding:13px 18px;border-bottom:1px solid #e0eaf5;font-size:13px;color:#4a5568;"">2-4 ساعات</td></tr><tr style=""background:#f8fbff;""><td style=""padding:13px 18px;border-bottom:1px solid #e0eaf5;font-size:14px;font-weight:600;color:#0056b3;"">تسليك + كاميرا</td><td style=""padding:13px 18px;border-bottom:1px solid #e0eaf5;font-size:13px;color:#4a5568;"">حزمة التشخيص والعلاج الكامل</td><td style=""padding:13px 18px;border-bottom:1px solid #e0eaf5;font-size:14px;font-weight:700;color:#2e7d32;"">450 – 800</td><td style=""padding:13px 18px;border-bottom:1px solid #e0eaf5;font-size:13px;color:#4a5568;"">1-3 ساعات</td></tr><tr style=""background:#fff;""><td style=""padding:13px 18px;border-bottom:1px solid #e0eaf5;font-size:14px;font-weight:600;color:#0056b3;"">عقد صيانة سنوي</td><td style=""padding:13px 18px;border-bottom:1px solid #e0eaf5;font-size:13px;color:#4a5568;"">زيارتان + أولوية طوارئ</td><td style=""padding:13px 18px;border-bottom:1px solid #e0eaf5;font-size:14px;font-weight:700;color:#2e7d32;"">من 1200</td><td style=""padding:13px 18px;border-bottom:1px solid #e0eaf5;font-size:13px;color:#4a5568;"">—</td></tr>
</tbody>
</table>
</div><div style=""background:#fff8f0;border-right:6px solid #f57c00;padding:22px 28px;border-radius:12px;margin-bottom:20px;""><p style=""font-size:15px;line-height:1.9;color:#2d3748;margin:0 0 12px;"">⚠️ <strong>ملاحظة:</strong> الأسعار المذكورة تقديرية. السعر النهائي يُحدد بعد الفحص الأولي المجاني. بعض الحالات المعقدة أو التي تتطلب معدات خاصة قد يختلف سعرها.</p></div><div style=""background:#f0fff4;border-right:6px solid #2e7d32;padding:22px 28px;border-radius:12px;margin-bottom:20px;""><p style=""font-size:15px;line-height:1.9;color:#2d3748;margin:0 0 12px;"">✅ <strong>ضماننا:</strong> نُحدد السعر قبل البدء — وبعد انتهاء العمل لا تدفع درهماً أكثر مما اتُّفق عليه.</p></div></section>
<section style=""margin-bottom:50px;""><h2 style=""font-size:24px;color:#0056b3;font-weight:800;margin:0 0 20px;padding-bottom:12px;border-bottom:3px solid #e0eaf5;"">🏆 لماذا ركن التطور هي أفضل شركة تسليك مجاري في دبي؟</h2><div style=""background:#f0f7ff;border-right:6px solid #0056b3;padding:25px 30px;border-radius:15px;margin-bottom:25px;box-shadow:0 4px 10px rgba(0,0,0,0.05);""><p style=""font-size:15px;line-height:1.9;color:#2d3748;margin:0 0 12px;"">سؤال عادل يستحق إجابة صريحة وصادقة. إليك ما يجعل عملاءنا يعودون إلينا مراراً ويُوصون بنا لمن يعرفون:</p></div><div style=""background:#fff;border:1px solid #e0eaf5;padding:22px 26px;border-radius:12px;margin-bottom:20px;box-shadow:0 2px 8px rgba(0,86,179,0.06);""><h3 style=""font-size:16px;color:#0056b3;font-weight:700;margin:0 0 14px;"">التشخيص أولاً — ليس التخمين</h3><p style=""font-size:15px;line-height:1.9;color:#2d3748;margin:0 0 12px;"">معظم شركات التسليك ""تُسلّك"" مباشرةً دون أن تعرف طبيعة الانسداد. نحن نُشخّص أولاً بالكاميرا ثم نختار الأداة المناسبة. هذا يعني نتيجة أدوم وبدون أضرار جانبية وبدون تكرار المشكلة بعد أسابيع.</p></div><div style=""background:#fff;border:1px solid #e0eaf5;padding:22px 26px;border-radius:12px;margin-bottom:20px;box-shadow:0 2px 8px rgba(0,86,179,0.06);""><h3 style=""font-size:16px;color:#0056b3;font-weight:700;margin:0 0 14px;"">الشفافية الكاملة في كل خطوة</h3><p style=""font-size:15px;line-height:1.9;color:#2d3748;margin:0 0 12px;"">قبل البدء: نُخبرك بالمشكلة والحل المقترح والسعر. أثناء العمل: نُشرك في ما يحدث إذا أردت. بعد الانتهاء: نُؤكد معك النتيجة ونُعطيك تقريراً مكتوباً. لا مفاجآت في أي مرحلة.</p></div><div style=""background:#fff;border:1px solid #e0eaf5;padding:22px 26px;border-radius:12px;margin-bottom:20px;box-shadow:0 2px 8px rgba(0,86,179,0.06);""><h3 style=""font-size:16px;color:#0056b3;font-weight:700;margin:0 0 14px;"">الضمان الذي يُلزمنا لا يُطمئنك فقط</h3><p style=""font-size:15px;line-height:1.9;color:#2d3748;margin:0 0 12px;"">الضمان المكتوب ليس تسويقاً — هو التزام قانوني. إذا عاد الانسداد من نفس السبب خلال فترة الضمان، نعود مجاناً ونُعيد العمل. هذا ما يجعلنا مطمئنين لما نقدّمه.</p></div><div style=""background:#fff;border:1px solid #e0eaf5;padding:22px 26px;border-radius:12px;margin-bottom:20px;box-shadow:0 2px 8px rgba(0,86,179,0.06);""><h3 style=""font-size:16px;color:#0056b3;font-weight:700;margin:0 0 14px;"">الاحترام التام للممتلكات والخصوصية</h3><p style=""font-size:15px;line-height:1.9;color:#2d3748;margin:0 0 12px;"">فريقنا مُدرَّب على العمل بنظافة تامة وبدون إزعاج. نفرش واقيات الأرضية قبل العمل، نُنظّف المنطقة بعد الانتهاء، ونُراعي خصوصية المنزل كأننا ضيوف محترمون.</p></div><div style=""display:grid;grid-template-columns:repeat(auto-fit,minmax(140px,1fr));gap:0;background:#fff;border:2px solid #e0eaf5;border-radius:14px;overflow:hidden;margin:20px 0;box-shadow:0 4px 12px rgba(0,0,0,0.06);""><div style=""text-align:center;padding:20px 10px;"">
<div style=""font-size:36px;font-weight:900;color:#0056b3;margin-bottom:6px;"">500+</div>
<div style=""font-size:13px;color:#4a5568;font-weight:600;"">عميل في دبي سنوياً</div>
</div><div style=""text-align:center;padding:20px 10px;"">
<div style=""font-size:36px;font-weight:900;color:#0056b3;margin-bottom:6px;"">98%</div>
<div style=""font-size:13px;color:#4a5568;font-weight:600;"">نسبة رضا العملاء</div>
</div><div style=""text-align:center;padding:20px 10px;"">
<div style=""font-size:36px;font-weight:900;color:#0056b3;margin-bottom:6px;"">45 دق.</div>
<div style=""font-size:13px;color:#4a5568;font-weight:600;"">متوسط وقت الوصول</div>
</div><div style=""text-align:center;padding:20px 10px;"">
<div style=""font-size:36px;font-weight:900;color:#0056b3;margin-bottom:6px;"">10+</div>
<div style=""font-size:13px;color:#4a5568;font-weight:600;"">سنوات في السوق</div>
</div></div></section>
<section style=""margin-bottom:50px;""><h2 style=""font-size:24px;color:#0056b3;font-weight:800;margin:0 0 20px;padding-bottom:12px;border-bottom:3px solid #e0eaf5;"">📅 برنامج الصيانة الدورية — استثمار ذكي يوفّر أضعافه</h2><div style=""background:#f0f7ff;border-right:6px solid #0056b3;padding:25px 30px;border-radius:15px;margin-bottom:25px;box-shadow:0 4px 10px rgba(0,0,0,0.05);""><p style=""font-size:15px;line-height:1.9;color:#2d3748;margin:0 0 12px;"">الصيانة الدورية لأنظمة الصرف الصحي ليست رفاهية في دبي — هي ضرورة. خاصةً للمطاعم والفنادق والمجمعات السكنية الكبيرة التي يعتمد نشاطها على أنظمة صرف تعمل بكفاءة دون انقطاع.</p></div><div style=""display:grid;grid-template-columns:repeat(auto-fit,minmax(220px,1fr));gap:16px;margin:20px 0;""><div style=""background:#fff;border:1px solid #dce8f7;border-radius:12px;padding:20px;box-shadow:0 2px 8px rgba(0,86,179,0.07);"">
<div style=""font-size:32px;margin-bottom:10px;"">🔄</div>
<h3 style=""font-size:16px;color:#0056b3;font-weight:700;margin:0 0 8px;"">شهري</h3>
<p style=""font-size:14px;color:#4a5568;line-height:1.7;margin:0;"">للمطاعم والمطابخ التجارية عالية الحمل. فحص وتسليك وقائي يمنع انسداد مفاجئ في وقت ذروة العمل</p>
</div><div style=""background:#fff;border:1px solid #dce8f7;border-radius:12px;padding:20px;box-shadow:0 2px 8px rgba(0,86,179,0.07);"">
<div style=""font-size:32px;margin-bottom:10px;"">📅</div>
<h3 style=""font-size:16px;color:#0056b3;font-weight:700;margin:0 0 8px;"">ربع سنوي</h3>
<p style=""font-size:14px;color:#4a5568;line-height:1.7;margin:0;"">للمنازل الكبيرة والفلل وبعض المباني التجارية. التوقيت المثالي للحفاظ على خطوط نظيفة بتكلفة معقولة</p>
</div><div style=""background:#fff;border:1px solid #dce8f7;border-radius:12px;padding:20px;box-shadow:0 2px 8px rgba(0,86,179,0.07);"">
<div style=""font-size:32px;margin-bottom:10px;"">📆</div>
<h3 style=""font-size:16px;color:#0056b3;font-weight:700;margin:0 0 8px;"">نصف سنوي</h3>
<p style=""font-size:14px;color:#4a5568;line-height:1.7;margin:0;"">للشقق السكنية العادية. زيارتان سنوياً تكفيان لمعظم المنازل ذات الاستخدام الطبيعي</p>
</div><div style=""background:#fff;border:1px solid #dce8f7;border-radius:12px;padding:20px;box-shadow:0 2px 8px rgba(0,86,179,0.07);"">
<div style=""font-size:32px;margin-bottom:10px;"">🗓️</div>
<h3 style=""font-size:16px;color:#0056b3;font-weight:700;margin:0 0 8px;"">سنوي</h3>
<p style=""font-size:14px;color:#4a5568;line-height:1.7;margin:0;"">الحد الأدنى لأي منشأة. فحص شامل + تسليك وقائي + تقرير حال الشبكة</p>
</div></div><div style=""background:#fff;border:1px solid #e0eaf5;padding:22px 26px;border-radius:12px;margin-bottom:20px;box-shadow:0 2px 8px rgba(0,86,179,0.06);""><h3 style=""font-size:16px;color:#0056b3;font-weight:700;margin:0 0 14px;"">📊 ماذا يشمل عقد الصيانة الدورية؟</h3><ul style=""list-style:none;padding:0;margin:0;display:flex;flex-direction:column;gap:10px;""><li style=""display:flex;gap:10px;align-items:flex-start;background:#f0fff4;border-radius:8px;padding:12px 16px;""><span style=""font-size:18px;flex-shrink:0;"">✅</span><span style=""font-size:14px;color:#4a5568;line-height:1.7;"">فحص شامل لكل نقاط الصرف في المنشأة</span></li><li style=""display:flex;gap:10px;align-items:flex-start;background:#f0fff4;border-radius:8px;padding:12px 16px;""><span style=""font-size:18px;flex-shrink:0;"">✅</span><span style=""font-size:14px;color:#4a5568;line-height:1.7;"">تسليك وقائي بالهيدروجيت أو الأدوات المناسبة</span></li><li style=""display:flex;gap:10px;align-items:flex-start;background:#f0fff4;border-radius:8px;padding:12px 16px;""><span style=""font-size:18px;flex-shrink:0;"">✅</span><span style=""font-size:14px;color:#4a5568;line-height:1.7;"">فحص بالكاميرا التفتيشية لأي نقاط مشتبه بها</span></li><li style=""display:flex;gap:10px;align-items:flex-start;background:#f0fff4;border-radius:8px;padding:12px 16px;""><span style=""font-size:18px;flex-shrink:0;"">✅</span><span style=""font-size:14px;color:#4a5568;line-height:1.7;"">شفط البيارة عند الحاجة</span></li><li style=""display:flex;gap:10px;align-items:flex-start;background:#f0fff4;border-radius:8px;padding:12px 16px;""><span style=""font-size:18px;flex-shrink:0;"">✅</span><span style=""font-size:14px;color:#4a5568;line-height:1.7;"">تقرير مكتوب بحال الشبكة وأي توصيات</span></li><li style=""display:flex;gap:10px;align-items:flex-start;background:#f0fff4;border-radius:8px;padding:12px 16px;""><span style=""font-size:18px;flex-shrink:0;"">✅</span><span style=""font-size:14px;color:#4a5568;line-height:1.7;"">أولوية الاستجابة في حالات الطوارئ</span></li><li style=""display:flex;gap:10px;align-items:flex-start;background:#f0fff4;border-radius:8px;padding:12px 16px;""><span style=""font-size:18px;flex-shrink:0;"">✅</span><span style=""font-size:14px;color:#4a5568;line-height:1.7;"">خصم 30% على أي أعمال إصلاح إضافية</span></li></ul></div><div style=""background:#fffde7;border-right:6px solid #f9a825;padding:20px 26px;border-radius:12px;margin-bottom:20px;""><p style=""font-size:15px;line-height:1.9;color:#2d3748;margin:0 0 12px;"">💡 <strong>احسب الفرق:</strong> تسليك وقائي ربع سنوي بـ 400 درهم × 4 = 1,600 درهم سنوياً. انسداد طارئ في وقت الذروة مع احتمال فيضان = 1,000 – 3,000 درهم للإصلاح فقط دون حساب الأضرار. الصيانة تُوفّر أضعافها.</p></div><div style=""background:linear-gradient(135deg,#0056b3 0%,#0097a7 100%);color:#fff;padding:36px;border-radius:18px;text-align:center;margin:30px 0;box-shadow:0 8px 24px rgba(0,86,179,0.25);"">
<h3 style=""font-size:24px;font-weight:900;margin:0 0 10px;color:#fff;"">اطلب عرض عقد الصيانة الآن</h3>
<p style=""font-size:15px;margin:0 0 20px;opacity:0.9;"">نُقدّم عقوداً مخصصة للمنازل والمطاعم والمجمعات التجارية</p>
<p style=""font-size:28px;font-weight:900;margin:0;"">📞 0500000000 &nbsp;|&nbsp; 💬 واتساب</p>
<p style=""font-size:13px;margin:12px 0 0;opacity:0.8;"">متاح 24 ساعة — 7 أيام في الأسبوع</p>
</div></section>
<section style=""margin-bottom:50px;""><h2 style=""font-size:24px;color:#0056b3;font-weight:800;margin:0 0 20px;padding-bottom:12px;border-bottom:3px solid #e0eaf5;"">🔩 خدمات تسليك المجاري المتخصصة في دبي</h2><div style=""background:#f0f7ff;border-right:6px solid #0056b3;padding:25px 30px;border-radius:15px;margin-bottom:25px;box-shadow:0 4px 10px rgba(0,0,0,0.05);""><p style=""font-size:15px;line-height:1.9;color:#2d3748;margin:0 0 12px;"">بجانب التسليك الاعتيادي، يُقدّم فريق <strong style=""color:#0056b3;"">ركن التطور</strong> خدمات متخصصة لحالات أكثر تعقيداً تحتاج خبرة وأدوات مختلفة:</p></div><div style=""background:#fff;border:1px solid #e0eaf5;padding:22px 26px;border-radius:12px;margin-bottom:20px;box-shadow:0 2px 8px rgba(0,86,179,0.06);""><h3 style=""font-size:16px;color:#0056b3;font-weight:700;margin:0 0 12px;"">🏗️ تسليك وإصلاح الخط الرئيسي</h3><p style=""font-size:15px;line-height:1.9;color:#2d3748;margin:0 0 12px;"">الخط الرئيسي الذي يجمع صرف المبنى كله هو أكثر الخطوط خطورةً حين ينسد — يُؤثّر على كل الوحدات والطوابق في آنٍ واحد. فريقنا مُتخصص في تشخيص وتسليك وإصلاح هذه الخطوط بأقل تدخل ممكن وأسرع وقت.</p></div><div style=""background:#fff;border:1px solid #e0eaf5;padding:22px 26px;border-radius:12px;margin-bottom:20px;box-shadow:0 2px 8px rgba(0,86,179,0.06);""><h3 style=""font-size:16px;color:#0056b3;font-weight:700;margin:0 0 12px;"">🔍 تفتيش الشبكة قبل شراء العقار</h3><p style=""font-size:15px;line-height:1.9;color:#2d3748;margin:0 0 12px;"">قبل شراء أو استئجار عقار في دبي، نُقدّم خدمة فحص شامل لشبكة الصرف الصحي بالكاميرا. التقرير المُفصّل يُظهر حال كل الخطوط ويُساعدك على التفاوض أو طلب الإصلاح قبل التعاقد — خدمة تُوفّر عليك آلاف الدراهم لاحقاً.</p></div><div style=""background:#fff;border:1px solid #e0eaf5;padding:22px 26px;border-radius:12px;margin-bottom:20px;box-shadow:0 2px 8px rgba(0,86,179,0.06);""><h3 style=""font-size:16px;color:#0056b3;font-weight:700;margin:0 0 12px;"">🏊 صيانة صرف الحمامات والمسابح</h3><p style=""font-size:15px;line-height:1.9;color:#2d3748;margin:0 0 12px;"">المسابح في دبي تحتاج نظام صرف خاص عالي الكفاءة. أنظمة تصريف المسابح تتعرض لتراكمات الكلور والأملاح والطحالب. فريقنا مُدرَّب على تسليكها وإصلاحها مع الأخذ بعين الاعتبار المواد الكيميائية الخاصة بالمسبح.</p></div><div style=""background:#fff;border:1px solid #e0eaf5;padding:22px 26px;border-radius:12px;margin-bottom:20px;box-shadow:0 2px 8px rgba(0,86,179,0.06);""><h3 style=""font-size:16px;color:#0056b3;font-weight:700;margin:0 0 12px;"">🌧️ تسليك صرف الأمطار والواجهات الخارجية</h3><p style=""font-size:15px;line-height:1.9;color:#2d3748;margin:0 0 12px;"">رغم ندرة الأمطار في دبي، إلا أن موسم الشتاء قد يشهد أمطاراً مفاجئة كثيفة. صرف أسطح المباني والواجهات الخارجية يجب أن يكون مفتوحاً دائماً. نُسلّك هذه الخطوط وقائياً قبل موسم الشتاء.</p></div><div style=""background:#fff;border:1px solid #e0eaf5;padding:22px 26px;border-radius:12px;margin-bottom:20px;box-shadow:0 2px 8px rgba(0,86,179,0.06);""><h3 style=""font-size:16px;color:#0056b3;font-weight:700;margin:0 0 12px;"">🔧 استبدال أجزاء المواسير التالفة</h3><p style=""font-size:15px;line-height:1.9;color:#2d3748;margin:0 0 12px;"">أحياناً التسليك لا يكفي — الأنبوب نفسه متصدع أو متآكل أو مكسور. فريقنا يُحدد الجزء التالف بدقة بالكاميرا ويستبدله فقط دون اضطرار لتغيير الخط بالكامل، مما يُقلل التكلفة والأضرار.</p></div></section>
<section style=""margin-bottom:50px;""><h2 style=""font-size:24px;color:#0056b3;font-weight:800;margin:0 0 20px;padding-bottom:12px;border-bottom:3px solid #e0eaf5;"">⚙️ معايير الجودة والسلامة في ركن التطور</h2><div style=""background:#f0f7ff;border-right:6px solid #0056b3;padding:25px 30px;border-radius:15px;margin-bottom:25px;box-shadow:0 4px 10px rgba(0,0,0,0.05);""><p style=""font-size:15px;line-height:1.9;color:#2d3748;margin:0 0 12px;"">العمل في دبي يعني الالتزام بأعلى معايير الجودة والسلامة. <strong style=""color:#0056b3;"">ركن التطور</strong> حاصلة على التراخيص اللازمة من الجهات المختصة في دبي وتُطبّق معايير السلامة المهنية في كل عملية:</p></div><div style=""display:grid;grid-template-columns:repeat(auto-fit,minmax(220px,1fr));gap:16px;margin:20px 0;""><div style=""background:#fff;border:1px solid #dce8f7;border-radius:12px;padding:20px;box-shadow:0 2px 8px rgba(0,86,179,0.07);"">
<div style=""font-size:32px;margin-bottom:10px;"">📋</div>
<h3 style=""font-size:16px;color:#0056b3;font-weight:700;margin:0 0 8px;"">تراخيص معتمدة</h3>
<p style=""font-size:14px;color:#4a5568;line-height:1.7;margin:0;"">رخصة عمل مرخصة من دائرة التنمية الاقتصادية في دبي وكل التراخيص الفنية المطلوبة</p>
</div><div style=""background:#fff;border:1px solid #dce8f7;border-radius:12px;padding:20px;box-shadow:0 2px 8px rgba(0,86,179,0.07);"">
<div style=""font-size:32px;margin-bottom:10px;"">👷</div>
<h3 style=""font-size:16px;color:#0056b3;font-weight:700;margin:0 0 8px;"">فريق مؤهل</h3>
<p style=""font-size:14px;color:#4a5568;line-height:1.7;margin:0;"">كل فرد في الفريق حاصل على تدريب مهني وشهادة سلامة للعمل في بيئة الصرف الصحي</p>
</div><div style=""background:#fff;border:1px solid #dce8f7;border-radius:12px;padding:20px;box-shadow:0 2px 8px rgba(0,86,179,0.07);"">
<div style=""font-size:32px;margin-bottom:10px;"">🧤</div>
<h3 style=""font-size:16px;color:#0056b3;font-weight:700;margin:0 0 8px;"">معدات حماية</h3>
<p style=""font-size:14px;color:#4a5568;line-height:1.7;margin:0;"">قفازات، أقنعة، أحذية مقاومة للمواد الكيميائية — سلامة الفريق لا تُساوم</p>
</div><div style=""background:#fff;border:1px solid #dce8f7;border-radius:12px;padding:20px;box-shadow:0 2px 8px rgba(0,86,179,0.07);"">
<div style=""font-size:32px;margin-bottom:10px;"">🌿</div>
<h3 style=""font-size:16px;color:#0056b3;font-weight:700;margin:0 0 8px;"">التخلص البيئي</h3>
<p style=""font-size:14px;color:#4a5568;line-height:1.7;margin:0;"">المواد المُشفوطة تُتخلص منها وفق معايير بلدية دبي والاشتراطات البيئية</p>
</div><div style=""background:#fff;border:1px solid #dce8f7;border-radius:12px;padding:20px;box-shadow:0 2px 8px rgba(0,86,179,0.07);"">
<div style=""font-size:32px;margin-bottom:10px;"">📄</div>
<h3 style=""font-size:16px;color:#0056b3;font-weight:700;margin:0 0 8px;"">توثيق كامل</h3>
<p style=""font-size:14px;color:#4a5568;line-height:1.7;margin:0;"">كل خدمة تحصل على فاتورة ضريبية رسمية وشهادة إتمام العمل</p>
</div><div style=""background:#fff;border:1px solid #dce8f7;border-radius:12px;padding:20px;box-shadow:0 2px 8px rgba(0,86,179,0.07);"">
<div style=""font-size:32px;margin-bottom:10px;"">🔒</div>
<h3 style=""font-size:16px;color:#0056b3;font-weight:700;margin:0 0 8px;"">سرية تامة</h3>
<p style=""font-size:14px;color:#4a5568;line-height:1.7;margin:0;"">نحترم خصوصية عملائنا التامة — لا نتحدث عن مواقع أو معلومات عملاء</p>
</div></div><div style=""background:#fff8f0;border-right:6px solid #f57c00;padding:22px 28px;border-radius:12px;margin-bottom:20px;""><p style=""font-size:15px;line-height:1.9;color:#2d3748;margin:0 0 12px;"">⚠️ <strong>تحذير للمستهلك:</strong> احذر من شركات تسليك مجاري غير مرخصة تُقدّم أسعاراً منخفضة جداً. العمل غير المرخص يُعرّضك لغرامات من البلدية، وقد يتسبب في أضرار تفوق تكلفة الخدمة الأصلية بعشرة أضعاف.</p></div></section>
<section style=""margin-bottom:50px;""><h2 style=""font-size:24px;color:#0056b3;font-weight:800;margin:0 0 20px;padding-bottom:12px;border-bottom:3px solid #e0eaf5;"">✨ خلاصة — شركة تسليك المجاري في دبي التي تستحق ثقتك</h2><div style=""background:#f0f7ff;border-right:6px solid #0056b3;padding:25px 30px;border-radius:15px;margin-bottom:25px;box-shadow:0 4px 10px rgba(0,0,0,0.05);""><p style=""font-size:15px;line-height:1.9;color:#2d3748;margin:0 0 12px;"">انسداد المجاري ليس مجرد إزعاج — هو مشكلة صحية وبيئية تحتاج حلاً احترافياً فورياً. اختيارك لـ <strong style=""color:#0056b3;"">ركن التطور</strong> يعني اختيارك لشركة تجمع بين الخبرة الميدانية والتقنيات الحديثة والشفافية في التعامل والالتزام بنتائج مضمونة.</p></div><div style=""background:#fff;border:1px solid #e0eaf5;padding:22px 26px;border-radius:12px;margin-bottom:20px;box-shadow:0 2px 8px rgba(0,86,179,0.06);""><p style=""font-size:15px;line-height:1.9;color:#2d3748;margin:0 0 12px;""><strong>ما تحصل عليه مع ركن التطور:</strong></p><ul style=""list-style:none;padding:0;margin:0;display:flex;flex-direction:column;gap:10px;""><li style=""display:flex;gap:10px;align-items:flex-start;background:#f0fff4;border-radius:8px;padding:12px 16px;""><span style=""font-size:18px;flex-shrink:0;"">✅</span><span style=""font-size:14px;color:#4a5568;line-height:1.7;"">وصول سريع خلال 45 دقيقة في معظم أحياء دبي</span></li><li style=""display:flex;gap:10px;align-items:flex-start;background:#f0fff4;border-radius:8px;padding:12px 16px;""><span style=""font-size:18px;flex-shrink:0;"">✅</span><span style=""font-size:14px;color:#4a5568;line-height:1.7;"">تشخيص دقيق بالكاميرا التفتيشية قبل أي عمل</span></li><li style=""display:flex;gap:10px;align-items:flex-start;background:#f0fff4;border-radius:8px;padding:12px 16px;""><span style=""font-size:18px;flex-shrink:0;"">✅</span><span style=""font-size:14px;color:#4a5568;line-height:1.7;"">اختيار التقنية المناسبة لحالتك تحديداً</span></li><li style=""display:flex;gap:10px;align-items:flex-start;background:#f0fff4;border-radius:8px;padding:12px 16px;""><span style=""font-size:18px;flex-shrink:0;"">✅</span><span style=""font-size:14px;color:#4a5568;line-height:1.7;"">سعر شفاف يُحدد قبل البدء — لا مفاجآت</span></li><li style=""display:flex;gap:10px;align-items:flex-start;background:#f0fff4;border-radius:8px;padding:12px 16px;""><span style=""font-size:18px;flex-shrink:0;"">✅</span><span style=""font-size:14px;color:#4a5568;line-height:1.7;"">ضمان مكتوب على الإصلاح</span></li><li style=""display:flex;gap:10px;align-items:flex-start;background:#f0fff4;border-radius:8px;padding:12px 16px;""><span style=""font-size:18px;flex-shrink:0;"">✅</span><span style=""font-size:14px;color:#4a5568;line-height:1.7;"">تقرير مكتوب بعد الانتهاء</span></li><li style=""display:flex;gap:10px;align-items:flex-start;background:#f0fff4;border-radius:8px;padding:12px 16px;""><span style=""font-size:18px;flex-shrink:0;"">✅</span><span style=""font-size:14px;color:#4a5568;line-height:1.7;"">فاتورة ضريبية رسمية</span></li><li style=""display:flex;gap:10px;align-items:flex-start;background:#f0fff4;border-radius:8px;padding:12px 16px;""><span style=""font-size:18px;flex-shrink:0;"">✅</span><span style=""font-size:14px;color:#4a5568;line-height:1.7;"">خدمة ما بعد البيع للتأكد من رضاك</span></li><li style=""display:flex;gap:10px;align-items:flex-start;background:#f0fff4;border-radius:8px;padding:12px 16px;""><span style=""font-size:18px;flex-shrink:0;"">✅</span><span style=""font-size:14px;color:#4a5568;line-height:1.7;"">متاحون 24/7 للطوارئ</span></li></ul></div><div style=""background:linear-gradient(135deg,#0056b3 0%,#003d82 100%);color:#fff;padding:30px;border-radius:16px;margin-bottom:25px;""><h3 style=""font-size:22px;color:#fff;font-weight:900;margin:0 0 14px;"">الحل في طريقه إليك 🚀</h3>
<p style=""font-size:15px;color:rgba(255,255,255,0.9);margin:0 0 20px;line-height:1.8;"">سواء كان انسداد بسيط في الحمام أو أزمة صرف في مطعم وقت الذروة — فريقنا جاهز. اتصل الآن ونصل إليك في أسرع وقت.</p>
<p style=""font-size:28px;font-weight:900;color:#fff;margin:0;text-align:center;"">📞 0500000000</p>
<p style=""text-align:center;font-size:14px;color:rgba(255,255,255,0.8);margin:10px 0 0;"">جميع أحياء دبي | متاح 24/7 | 0 درهم للتشخيص الأولي</p></div></section>
<section style=""margin-bottom:50px;""><h2 style=""font-size:24px;color:#0056b3;font-weight:800;margin:0 0 20px;padding-bottom:12px;border-bottom:3px solid #e0eaf5;"">🆘 دليل الإسعافات الأولية لانسداد المجاري في دبي</h2><div style=""background:#f0f7ff;border-right:6px solid #0056b3;padding:25px 30px;border-radius:15px;margin-bottom:25px;box-shadow:0 4px 10px rgba(0,0,0,0.05);""><p style=""font-size:15px;line-height:1.9;color:#2d3748;margin:0 0 12px;"">في انتظار وصول فريق <strong style=""color:#0056b3;"">ركن التطور</strong>، إليك خطوات آمنة يمكنك اتخاذها لتحديد المشكلة ومنع تفاقمها:</p></div><div style=""display:flex;flex-direction:column;gap:16px;margin:20px 0;""><div style=""display:flex;gap:16px;align-items:flex-start;background:#fff;border:1px solid #e0eaf5;border-radius:12px;padding:18px 22px;"">
<div style=""background:#0056b3;color:#fff;width:36px;height:36px;border-radius:50%;display:flex;align-items:center;justify-content:center;font-weight:800;font-size:16px;flex-shrink:0;"">1</div>
<div><h3 style=""font-size:15px;color:#0056b3;font-weight:700;margin:0 0 6px;"">أوقف استخدام النقطة المتأثرة فوراً</h3>
<p style=""font-size:14px;color:#4a5568;margin:0;line-height:1.7;"">لا تُضيف ماءً على انسداد — ستُسرّع الفيضان. أوقف استخدام المغسلة أو الحوض أو المرحاض المتأثر حتى وصول الفريق.</p></div>
</div><div style=""display:flex;gap:16px;align-items:flex-start;background:#fff;border:1px solid #e0eaf5;border-radius:12px;padding:18px 22px;"">
<div style=""background:#0056b3;color:#fff;width:36px;height:36px;border-radius:50%;display:flex;align-items:center;justify-content:center;font-weight:800;font-size:16px;flex-shrink:0;"">2</div>
<div><h3 style=""font-size:15px;color:#0056b3;font-weight:700;margin:0 0 6px;"">افحص هل المشكلة في نقطة واحدة أم أكثر</h3>
<p style=""font-size:14px;color:#4a5568;margin:0;line-height:1.7;"">إذا كانت مغسلة واحدة بطيئة فقط: انسداد فرعي بسيط. إذا كانت عدة نقاط متأثرة في نفس الوقت: انسداد في الخط الرئيسي — اتصل على الفور.</p></div>
</div><div style=""display:flex;gap:16px;align-items:flex-start;background:#fff;border:1px solid #e0eaf5;border-radius:12px;padding:18px 22px;"">
<div style=""background:#0056b3;color:#fff;width:36px;height:36px;border-radius:50%;display:flex;align-items:center;justify-content:center;font-weight:800;font-size:16px;flex-shrink:0;"">3</div>
<div><h3 style=""font-size:15px;color:#0056b3;font-weight:700;margin:0 0 6px;"">لا تستخدم منظفات كيميائية قبل وصولنا</h3>
<p style=""font-size:14px;color:#4a5568;margin:0;line-height:1.7;"">المنظفات الجاهزة قد تُلين الانسداد مؤقتاً لكنها تُصعّب على الفريق تحديد موقعه الدقيق وقد تُتلف بعض أنواع الأنابيب.</p></div>
</div><div style=""display:flex;gap:16px;align-items:flex-start;background:#fff;border:1px solid #e0eaf5;border-radius:12px;padding:18px 22px;"">
<div style=""background:#0056b3;color:#fff;width:36px;height:36px;border-radius:50%;display:flex;align-items:center;justify-content:center;font-weight:800;font-size:16px;flex-shrink:0;"">4</div>
<div><h3 style=""font-size:15px;color:#0056b3;font-weight:700;margin:0 0 6px;"">وثّق الأعراض التي تلاحظها</h3>
<p style=""font-size:14px;color:#4a5568;margin:0;line-height:1.7;"">هل هناك رائحة؟ ماذا كنت تستخدم قبل الانسداد؟ هل تسمع أصواتاً من الأنابيب؟ هذه المعلومات تُساعد فريقنا في التشخيص السريع.</p></div>
</div><div style=""display:flex;gap:16px;align-items:flex-start;background:#fff;border:1px solid #e0eaf5;border-radius:12px;padding:18px 22px;"">
<div style=""background:#0056b3;color:#fff;width:36px;height:36px;border-radius:50%;display:flex;align-items:center;justify-content:center;font-weight:800;font-size:16px;flex-shrink:0;"">5</div>
<div><h3 style=""font-size:15px;color:#0056b3;font-weight:700;margin:0 0 6px;"">احتفظ بالمنطقة جافة قدر الإمكان</h3>
<p style=""font-size:14px;color:#4a5568;margin:0;line-height:1.7;"">إذا كان هناك ماء على الأرضية، احتوه بمناشف أو ممسحة لمنع انتشاره. خاصةً إذا كان قريباً من الأسلاك الكهربائية.</p></div>
</div></div><div style=""background:#fff8f0;border-right:6px solid #f57c00;padding:22px 28px;border-radius:12px;margin-bottom:20px;""><p style=""font-size:15px;line-height:1.9;color:#2d3748;margin:0 0 12px;"">⚠️ <strong>متى تتصل بالطوارئ فوراً؟</strong></p><ul style=""list-style:none;padding:0;margin:0;display:flex;flex-direction:column;gap:10px;""><li style=""display:flex;gap:10px;align-items:flex-start;background:#fff5f5;border-radius:8px;padding:12px 16px;""><span style=""color:#e53e3e;font-size:18px;flex-shrink:0;"">⚠️</span><span style=""font-size:14px;color:#4a5568;line-height:1.7;"">الماء يفيض على الأرضية ويتسع بسرعة</span></li><li style=""display:flex;gap:10px;align-items:flex-start;background:#fff5f5;border-radius:8px;padding:12px 16px;""><span style=""color:#e53e3e;font-size:18px;flex-shrink:0;"">⚠️</span><span style=""font-size:14px;color:#4a5568;line-height:1.7;"">رائحة غاز الصرف قوية جداً — غاز ميثان خطر</span></li><li style=""display:flex;gap:10px;align-items:flex-start;background:#fff5f5;border-radius:8px;padding:12px 16px;""><span style=""color:#e53e3e;font-size:18px;flex-shrink:0;"">⚠️</span><span style=""font-size:14px;color:#4a5568;line-height:1.7;"">ارتفاع المياه القذرة من فتحات الأرضية أو المرحاض</span></li><li style=""display:flex;gap:10px;align-items:flex-start;background:#fff5f5;border-radius:8px;padding:12px 16px;""><span style=""color:#e53e3e;font-size:18px;flex-shrink:0;"">⚠️</span><span style=""font-size:14px;color:#4a5568;line-height:1.7;"">الانسداد في الخط الرئيسي ويُؤثّر على طابق كامل أو عدة وحدات</span></li></ul></div></section><section style=""margin-bottom:50px;""><h2 style=""font-size:24px;color:#0056b3;font-weight:800;margin:0 0 20px;padding-bottom:12px;border-bottom:3px solid #e0eaf5;"">🧭 نصائح لاختيار شركة تسليك مجاري موثوقة في دبي</h2><div style=""background:#f0f7ff;border-right:6px solid #0056b3;padding:25px 30px;border-radius:15px;margin-bottom:25px;box-shadow:0 4px 10px rgba(0,0,0,0.05);""><p style=""font-size:15px;line-height:1.9;color:#2d3748;margin:0 0 12px;"">السوق في دبي مليء بمزودي خدمات التسليك — بعضهم محترف وبعضهم غير ذلك. إليك المعايير التي تُساعدك على اختيار الشركة الصحيحة:</p></div><div style=""display:grid;grid-template-columns:repeat(auto-fit,minmax(220px,1fr));gap:16px;margin:20px 0;""><div style=""background:#fff;border:1px solid #dce8f7;border-radius:12px;padding:20px;box-shadow:0 2px 8px rgba(0,86,179,0.07);"">
<div style=""font-size:32px;margin-bottom:10px;"">📋</div>
<h3 style=""font-size:16px;color:#0056b3;font-weight:700;margin:0 0 8px;"">التحقق من الترخيص</h3>
<p style=""font-size:14px;color:#4a5568;line-height:1.7;margin:0;"">اطلب رقم الرخصة التجارية وتحقق منه على موقع DED. الشركة المرخصة تعني مسؤولية قانونية حقيقية.</p>
</div><div style=""background:#fff;border:1px solid #dce8f7;border-radius:12px;padding:20px;box-shadow:0 2px 8px rgba(0,86,179,0.07);"">
<div style=""font-size:32px;margin-bottom:10px;"">🤳</div>
<h3 style=""font-size:16px;color:#0056b3;font-weight:700;margin:0 0 8px;"">اطلب كاميرا التفتيش</h3>
<p style=""font-size:14px;color:#4a5568;line-height:1.7;margin:0;"">الشركة الجادة تُشخّص أولاً. إذا رفضوا استخدام الكاميرا أو لا يملكونها — هذه علامة تحذير واضحة.</p>
</div><div style=""background:#fff;border:1px solid #dce8f7;border-radius:12px;padding:20px;box-shadow:0 2px 8px rgba(0,86,179,0.07);"">
<div style=""font-size:32px;margin-bottom:10px;"">💰</div>
<h3 style=""font-size:16px;color:#0056b3;font-weight:700;margin:0 0 8px;"">السعر قبل البدء</h3>
<p style=""font-size:14px;color:#4a5568;line-height:1.7;margin:0;"">أي شركة ترفض تحديد سعر تقريبي قبل البدء أو تُقدّم سعراً لا يعكس حجم العمل — ابتعد عنها.</p>
</div><div style=""background:#fff;border:1px solid #dce8f7;border-radius:12px;padding:20px;box-shadow:0 2px 8px rgba(0,86,179,0.07);"">
<div style=""font-size:32px;margin-bottom:10px;"">📝</div>
<h3 style=""font-size:16px;color:#0056b3;font-weight:700;margin:0 0 8px;"">الضمان المكتوب</h3>
<p style=""font-size:14px;color:#4a5568;line-height:1.7;margin:0;"">الضمان الشفهي لا قيمة له. اطلب ورقة ضمان مكتوبة — الشركة الواثقة من نتيجتها ستُعطيها بلا تردد.</p>
</div><div style=""background:#fff;border:1px solid #dce8f7;border-radius:12px;padding:20px;box-shadow:0 2px 8px rgba(0,86,179,0.07);"">
<div style=""font-size:32px;margin-bottom:10px;"">⭐</div>
<h3 style=""font-size:16px;color:#0056b3;font-weight:700;margin:0 0 8px;"">المراجعات الحقيقية</h3>
<p style=""font-size:14px;color:#4a5568;line-height:1.7;margin:0;"">Google Reviews وTripAdvisor تُعطيك صورة حقيقية. ابحث عن مراجعات بأسماء حقيقية وتفاصيل محددة.</p>
</div><div style=""background:#fff;border:1px solid #dce8f7;border-radius:12px;padding:20px;box-shadow:0 2px 8px rgba(0,86,179,0.07);"">
<div style=""font-size:32px;margin-bottom:10px;"">📞</div>
<h3 style=""font-size:16px;color:#0056b3;font-weight:700;margin:0 0 8px;"">الاستجابة</h3>
<p style=""font-size:14px;color:#4a5568;line-height:1.7;margin:0;"">اتصل وانظر كم يستغرقون للرد وكيف يتحدثون معك. الشركة المحترفة تُجيبك بوضوح ومهنية من أول مكالمة.</p>
</div></div><div style=""background:#fffde7;border-right:6px solid #f9a825;padding:20px 26px;border-radius:12px;margin-bottom:20px;""><p style=""font-size:15px;line-height:1.9;color:#2d3748;margin:0 0 12px;"">💡 <strong>السؤال الفاصل:</strong> اسأل الشركة: ""هل تستخدمون كاميرا تفتيشية قبل التسليك؟"" الشركة المحترفة ستُجيبك بنعم. الشركة التي لا تملك هذه الأداة تعمل بالتخمين.</p><p style=""font-size:15px;line-height:1.9;color:#2d3748;margin:0 0 12px;"">مع <strong style=""color:#0056b3;"">ركن التطور</strong>: الكاميرا دائماً الخطوة الأولى، الضمان دائماً مكتوب، والسعر دائماً متفق عليه مسبقاً.</p></div></section>

<section style=""margin-bottom:50px;"">
<h2 style=""font-size:24px;color:#0056b3;font-weight:800;margin:0 0 20px;padding-bottom:12px;border-bottom:3px solid #e0eaf5;"">🏙️ تسليك المجاري في أشهر أحياء دبي — تفاصيل وخصوصيات</h2>
<div style=""background:#f0f7ff;border-right:6px solid #0056b3;padding:25px 30px;border-radius:15px;margin-bottom:25px;"">
<p style=""font-size:15px;line-height:1.9;color:#2d3748;margin:0 0 12px;"">دبي ليست مدينة واحدة متجانسة — كل حي له طبيعته المعمارية ومتطلباته الخاصة في صيانة الصرف الصحي. إليك خصوصيات بعض أشهر الأحياء التي نخدمها:</p>
</div>
<div style=""display:grid;grid-template-columns:repeat(auto-fit,minmax(280px,1fr));gap:16px;margin:16px 0;"">

<div style=""background:#fff;border:1px solid #dce8f7;border-radius:12px;padding:20px;"">
<h3 style=""font-size:15px;color:#0056b3;font-weight:700;margin:0 0 10px;"">📍 وسط مدينة دبي</h3>
<p style=""font-size:13px;color:#4a5568;line-height:1.7;margin:0;"">المباني الشاهقة والفنادق الفاخرة تحتاج تنسيقاً دقيقاً للعمل دون إزعاج النزلاء والسكان. فريقنا يعمل وفق جداول مرنة ويُنسّق مع إدارات المباني مسبقاً.</p>
</div>

<div style=""background:#fff;border:1px solid #dce8f7;border-radius:12px;padding:20px;"">
<h3 style=""font-size:15px;color:#0056b3;font-weight:700;margin:0 0 10px;"">📍 مرسى دبي (دبي مارينا)</h3>
<p style=""font-size:13px;color:#4a5568;line-height:1.7;margin:0;"">الأبراج السكنية الكثيفة والمطاعم المتعددة. خطوط الصرف المشتركة بين الطوابق تحتاج خبرة خاصة لتحديد مصدر الانسداد بدقة دون التأثير على الجيران.</p>
</div>

<div style=""background:#fff;border:1px solid #dce8f7;border-radius:12px;padding:20px;"">
<h3 style=""font-size:15px;color:#0056b3;font-weight:700;margin:0 0 10px;"">📍 جميرا والبرشاء</h3>
<p style=""font-size:13px;color:#4a5568;line-height:1.7;margin:0;"">الفلل والمنازل الفردية مع بيارات منفصلة. خدمة شفط البيارات الدورية وفحص خطوط الصرف تحت الحديقة من أكثر الخدمات المطلوبة في هذه المناطق.</p>
</div>

<div style=""background:#fff;border:1px solid #dce8f7;border-radius:12px;padding:20px;"">
<h3 style=""font-size:15px;color:#0056b3;font-weight:700;margin:0 0 10px;"">📍 ديرة والكرامة</h3>
<p style=""font-size:13px;color:#4a5568;line-height:1.7;margin:0;"">المباني القديمة ذات الأنابيب المتقادمة تحتاج عناية أكبر. خطوط صرف عمرها 20-30 سنة عرضة للتآكل والانسداد المتكرر. نُقدّم خطط صيانة مخصصة لهذه المباني.</p>
</div>

<div style=""background:#fff;border:1px solid #dce8f7;border-radius:12px;padding:20px;"">
<h3 style=""font-size:15px;color:#0056b3;font-weight:700;margin:0 0 10px;"">📍 الخليج التجاري</h3>
<p style=""font-size:13px;color:#4a5568;line-height:1.7;margin:0;"">المكاتب التجارية والمستودعات والمحلات. خدمة سريعة غير مُعطّلة لأعمال العملاء مع إمكانية العمل في ساعات غير الدوام الرسمي.</p>
</div>

<div style=""background:#fff;border:1px solid #dce8f7;border-radius:12px;padding:20px;"">
<h3 style=""font-size:15px;color:#0056b3;font-weight:700;margin:0 0 10px;"">📍 نخلة جميرا والمجمعات الراقية</h3>
<p style=""font-size:13px;color:#4a5568;line-height:1.7;margin:0;"">فلل ومنازل فاخرة تستحق معاملة استثنائية. نحرص على العمل بنظافة وهدوء تامين مع احترام كامل للخصوصية وجماليات المنزل.</p>
</div>

</div>

<div style=""background:#f0fff4;border-right:6px solid #2e7d32;padding:22px 28px;border-radius:12px;margin-bottom:20px;"">
<p style=""font-size:15px;line-height:1.9;color:#2d3748;margin:0;"">✅ <strong>لا نُفرّق في الخدمة بحسب المنطقة.</strong> سواء كنت في فيلا فاخرة في نخلة جميرا أو في شقة عادية في ديرة — تحصل على نفس مستوى الاحترافية والجودة والالتزام بالمواعيد. كل عميل يستحق الأفضل.</p>
</div>
</section>
<section style=""margin-bottom:50px;""><div style=""background:linear-gradient(135deg,#0056b3 0%,#003d82 100%);color:#fff;padding:30px;border-radius:16px;margin-bottom:25px;"">
<h2 style=""font-size:26px;color:#fff;font-weight:900;margin:0 0 16px;"">📞 اتصل الآن — الحل في طريقه إليك</h2>
<p style=""font-size:16px;color:rgba(255,255,255,0.9);margin:0 0 20px;line-height:1.8;"">
لا تترك مشكلة الانسداد تتفاقم. فريق ركن التطور على أهبة الاستعداد في جميع أحياء دبي.
<br>تشخيص مجاني — سعر شفاف — ضمان مكتوب — وصول في 45 دقيقة.
</p>
<div style=""display:grid;grid-template-columns:repeat(auto-fit,minmax(140px,1fr));gap:0;background:#fff;border:2px solid #e0eaf5;border-radius:14px;overflow:hidden;margin:20px 0;box-shadow:0 4px 12px rgba(0,0,0,0.06);""><div style=""text-align:center;padding:20px 10px;"">
<div style=""font-size:36px;font-weight:900;color:#0056b3;margin-bottom:6px;"">45 دق.</div>
<div style=""font-size:13px;color:#4a5568;font-weight:600;"">وقت الوصول</div>
</div><div style=""text-align:center;padding:20px 10px;"">
<div style=""font-size:36px;font-weight:900;color:#0056b3;margin-bottom:6px;"">24/7</div>
<div style=""font-size:13px;color:#4a5568;font-weight:600;"">نعمل دائماً</div>
</div><div style=""text-align:center;padding:20px 10px;"">
<div style=""font-size:36px;font-weight:900;color:#0056b3;margin-bottom:6px;"">0 درهم</div>
<div style=""font-size:13px;color:#4a5568;font-weight:600;"">تكلفة التشخيص</div>
</div><div style=""text-align:center;padding:20px 10px;"">
<div style=""font-size:36px;font-weight:900;color:#0056b3;margin-bottom:6px;"">1 سنة</div>
<div style=""font-size:13px;color:#4a5568;font-weight:600;"">ضمان الإصلاح</div>
</div></div>
<div style=""text-align:center;margin-top:20px;"">
<p style=""font-size:30px;font-weight:900;color:#fff;margin:0;"">📞 0500000000</p>
<p style=""font-size:18px;color:rgba(255,255,255,0.8);margin:8px 0 0;"">💬 واتساب متاح 24/7</p>
</div>
</div></section>
<section style=""margin-bottom:50px;"">
<div style=""background:#fffde7;border-right:6px solid #f9a825;padding:20px 26px;border-radius:12px;margin-bottom:20px;"">
<h2 style=""font-size:22px;color:#e65100;font-weight:800;margin:0 0 14px;"">⏰ لا تؤجل الحل — كل ساعة تأخير تعني أضرار إضافية</h2>
<p style=""font-size:15px;line-height:1.9;color:#2d3748;margin:0 0 12px;"">انسداد المجاري ليس مشكلة تُحل غداً. الماء الراكد يُتلف الأرضيات ويُنمي البكتيريا ويُسبّب روائح تنتشر في أرجاء المنزل خلال ساعات. كل ساعة تأخير تُضيف أضراراً جديدة وتُقلّل من فرص الحل البسيط.</p>
<p style=""font-size:15px;line-height:1.9;color:#2d3748;margin:0 0 12px;"">الفريق الذي يصل خلال 45 دقيقة ومعه الأجهزة الكاملة هو الفارق بين مشكلة تُحل في ساعة وكارثة تستغرق أياماً وتُكلّف آلاف الدراهم.</p>
</div>

<div style=""background:linear-gradient(135deg,#0056b3 0%,#003d82 100%);color:#fff;padding:36px;border-radius:18px;text-align:center;margin:20px 0;box-shadow:0 8px 24px rgba(0,86,179,0.25);"">
<h3 style=""font-size:26px;font-weight:900;margin:0 0 12px;color:#fff;"">اتصل الآن — فريقنا جاهز</h3>
<p style=""font-size:15px;margin:0 0 16px;opacity:0.9;"">تشخيص مجاني ✦ سعر شفاف ✦ ضمان مكتوب ✦ وصول في 45 دقيقة</p>
<p style=""font-size:32px;font-weight:900;color:#fff;margin:0;"">📞 0500000000</p>
<p style=""font-size:15px;margin:12px 0 0;opacity:0.85;"">💬 واتساب متاح 24 ساعة | جميع أحياء دبي</p>
</div>

<div style=""background:#fff;border:1px solid #e0eaf5;border-radius:12px;padding:20px 24px;box-shadow:0 2px 8px rgba(0,86,179,0.06);"">
<h3 style=""font-size:16px;color:#0056b3;font-weight:700;margin:0 0 12px;"">🔗 خدمات ركن التطور الأخرى في دبي</h3>
<div style=""display:grid;grid-template-columns:repeat(auto-fit,minmax(200px,1fr));gap:8px;"">
<a href=""https://www.rukn-eltatawer.com/"" style=""display:block;background:#f0f7ff;border-radius:8px;padding:10px 14px;text-decoration:none;color:#0056b3;font-size:13px;font-weight:600;"">🔧 صيانة منزلية عامة</a>
<a href=""https://www.rukn-eltatawer.com/"" style=""display:block;background:#f0f7ff;border-radius:8px;padding:10px 14px;text-decoration:none;color:#0056b3;font-size:13px;font-weight:600;"">💧 كشف تسربات المياه</a>
<a href=""https://www.rukn-eltatawer.com/"" style=""display:block;background:#f0f7ff;border-radius:8px;padding:10px 14px;text-decoration:none;color:#0056b3;font-size:13px;font-weight:600;"">🛡️ عزل أسطح دبي</a>
<a href=""https://www.rukn-eltatawer.com/"" style=""display:block;background:#f0f7ff;border-radius:8px;padding:10px 14px;text-decoration:none;color:#0056b3;font-size:13px;font-weight:600;"">🏠 تنظيف منازل دبي</a>
<a href=""https://www.rukn-eltatawer.com/"" style=""display:block;background:#f0f7ff;border-radius:8px;padding:10px 14px;text-decoration:none;color:#0056b3;font-size:13px;font-weight:600;"">❄️ تنظيف مكيفات دبي</a>
<a href=""https://www.rukn-eltatawer.com/"" style=""display:block;background:#f0f7ff;border-radius:8px;padding:10px 14px;text-decoration:none;color:#0056b3;font-size:13px;font-weight:600;"">🐛 مكافحة حشرات دبي</a>
</div>
</div>
</section><section style=""margin-bottom:30px;""><div style=""background:#f0f7ff;border-right:6px solid #0056b3;padding:20px 26px;border-radius:12px;""><p style=""font-size:14px;line-height:1.9;color:#2d3748;margin:0;"">🔑 <strong>الخلاصة النهائية:</strong> شركة تسليك مجاري في دبي التي تثق بها هي الشركة المرخصة، ذات الخبرة الميدانية، التي تُشخّص أولاً بالكاميرا، تُحدد السعر قبل البدء، وتُقدّم ضماناً مكتوباً على نتيجة عملها. ركن التطور تجمع كل هذه المعايير منذ أكثر من عشر سنوات في سوق دبي. اتصل بنا الآن واختبر الفارق الحقيقي بين شركة تدّعي الاحترافية وأخرى تُثبتها في كل زيارة.</p></div></section>","شركة تسليك مجاري في دبي, تسليك مجاري دبي, انسداد مجاري دبي, شفط بيارات دبي, تسليك مطبخ دبي, شركة صرف صحي دبي",شركة تسليك المجاري في دبي 2026 — حل فوري ✦ ضمان مكتوب ✦ متاحون 24/7,شركة تسليك مجاري في دبي ركن التطور — وصول خلال 45 دقيقة، تسليك بالهيدروجيت، ضمان مكتوب، خدمة 24/7. اتصل الآن.,https://www.rukn-eltatawer.com/wp-content/uploads/2021/08/Sewage-2-2-e1721486466671.webp|https://www.rukn-eltatawer.com/wp-content/uploads/2021/08/Sewage-3-2-1-e1721488733786.webp|https://www.rukn-eltatawer.com/wp-content/uploads/2021/08/Sewage-4-2-1-e1721489413241.webp
