أهم الصفحات,عدد الظهور
https://www.rukn-eltatawer.com/a-water-leak-detection-company-in-abu-dhabi/,93
https://www.rukn-eltatawer.com/a-water-leak-detection-company-in-sharjah/,81
https://www.rukn-eltatawer.com/leak-detection-company-in-dubai/,60
https://www.rukn-eltatawer.com/hourly-cleaning-maids-dubai/,59
https://www.rukn-eltatawer.com/lizard-control-ajman/,53
https://www.rukn-eltatawer.com/pest-control-company-in-ajman/,52
https://www.rukn-eltatawer.com/hourly-cleaning-maids-sharjah/,48
https://www.rukn-eltatawer.com/cleaning-company-in-sharjah/,41
https://www.rukn-eltatawer.com/insect-control-in-dubai/,40
https://www.rukn-eltatawer.com/sewerage-plumbing-sharjah/,40
https://www.rukn-eltatawer.com/surface-insulation-company-in-dubai/,36
https://www.rukn-eltatawer.com/insect-control-in-umm-al-quwain/,35
https://www.rukn-eltatawer.com/sewer-plumbing-ajman/,33
https://www.rukn-eltatawer.com/water-leak-detection-company-in-qatar/,33
https://www.rukn-eltatawer.com/termite-control-sharjah/,32
https://www.rukn-eltatawer.com/sharjah-pigeons-repellent-installation-company/,30
https://www.rukn-eltatawer.com/shrkh-tnzyf-mkyfat-fy-dby/,28
https://www.rukn-eltatawer.com/water-leak-detection-ras-al-khaimah/,27
https://www.rukn-eltatawer.com/insect-control-in-abu-dhabi/,24
https://www.rukn-eltatawer.com/insect-control-in-sharjah/,24
https://www.rukn-eltatawer.com/cleaning-company-in-dubai/,23
https://www.rukn-eltatawer.com/roof-insulation-in-abu-dhabi/,22
https://www.rukn-eltatawer.com/sewerage-plumbing-dubai/,22
https://www.rukn-eltatawer.com/sewerage-plumbing-company-in-al-ain/,20
https://www.rukn-eltatawer.com/installing-gypsum-boards-in-abu-dhabi/,19
https://www.rukn-eltatawer.com/,18
https://www.rukn-eltatawer.com/insect-control-in-ras-al-khaimah/,17
https://www.rukn-eltatawer.com/sharjah-gypsum-board-installation-company/,17
https://www.rukn-eltatawer.com/hourly-cleaning-maids-abu-dhabi/,16
https://www.rukn-eltatawer.com/water-leak-detection-umm-al-quwain/,16
https://www.rukn-eltatawer.com/abu-dhabi-pigeons-repellent-installation-company/,14
https://www.rukn-eltatawer.com/al-ain-sofa-cleaning-company/,14
https://www.rukn-eltatawer.com/dubai-pigeons-repellent-installation/,12
https://www.rukn-eltatawer.com/sewer-wiring-abu-dhabi/,12
https://www.rukn-eltatawer.com/abu-dhabi-landscaping-company/,11
https://www.rukn-eltatawer.com/pest-control-company-in-fujairah/,11
https://www.rukn-eltatawer.com/umm-al-quwain-roof-insulation-company/,11
https://www.rukn-eltatawer.com/water-leak-detection-company-in-al-ain/,11
https://www.rukn-eltatawer.com/dubai-glass-facade-cleaning-company/,10
https://www.rukn-eltatawer.com/stone-installation-dubai/,10
https://www.rukn-eltatawer.com/thermal-insulation-abu-dhabi/,10
https://www.rukn-eltatawer.com/abu-dhabi-glass-facade-cleaning-company/,9
https://www.rukn-eltatawer.com/ajman-roof-insulation-company/,9
https://www.rukn-eltatawer.com/insulators-company-in-sharjah/,9
https://www.rukn-eltatawer.com/kitchen-hood-installation-abu-dhabi/,9
https://www.rukn-eltatawer.com/pest-control-company-in-al-ain/,9
https://www.rukn-eltatawer.com/sa/water-leak-detection-makkah-neighborhoods/,9
https://www.rukn-eltatawer.com/clearing-transactions-in-abu-dhabi/,8
https://www.rukn-eltatawer.com/dyeing-in-dubai/,8
https://www.rukn-eltatawer.com/suspended-ceiling-installation-dubai/,8
https://www.rukn-eltatawer.com/vacuum-cleaner-repair-abu-dhabi/,8
https://www.rukn-eltatawer.com/a-contracting-company-in-abu-dhabi/,7
https://www.rukn-eltatawer.com/abu-dhabi-kitchen-cleaning-company/,7
https://www.rukn-eltatawer.com/fujairah-roof-insulation-company/,7
https://www.rukn-eltatawer.com/general-maintenance-company-abu-dhabi/,7
https://www.rukn-eltatawer.com/parquet-installation-company-in-ajman/,7
https://www.rukn-eltatawer.com/ras-al-khaimah-roof-insulation-company/,7
https://www.rukn-eltatawer.com/septic-tank-emptying-abu-dhabi/,7
https://www.rukn-eltatawer.com/water-leak-detection-company-in-ajman/,7
https://www.rukn-eltatawer.com/dyeing-abu-dhabi/,6
https://www.rukn-eltatawer.com/dyeing-in-al-ain/,6
https://www.rukn-eltatawer.com/dyeing-in-sharjah/,6
https://www.rukn-eltatawer.com/general-maintenance-company-sharjah/,6
https://www.rukn-eltatawer.com/parquet-installation-company-in-fujairah/,6
https://www.rukn-eltatawer.com/sterilization-in-dubai/,6
https://www.rukn-eltatawer.com/abu-dhabi-majlis-cleaning-company/,5
https://www.rukn-eltatawer.com/al-ain-landscaping-company/,5
https://www.rukn-eltatawer.com/general-maintenance-company-in-dubai/,5
https://www.rukn-eltatawer.com/moisture-treatment-company-in-abu-dhabi/,5
https://www.rukn-eltatawer.com/parquet-installation-in-abu-dhabi/,5
https://www.rukn-eltatawer.com/sharjah-soundproofing-installation-company/,5
https://www.rukn-eltatawer.com/abu-dhabi-tank-cleaning-company/,4
https://www.rukn-eltatawer.com/abu-dhabi-villas-cleaning-company/,4
https://www.rukn-eltatawer.com/air-conditioning-installation-in-ras-al-khaimah/,4
https://www.rukn-eltatawer.com/bathroom-renovation-abu-dhabi/,4
https://www.rukn-eltatawer.com/dubai-tank-cleaning-company/,4
https://www.rukn-eltatawer.com/general-maintenance-company-al-ain/,4
https://www.rukn-eltatawer.com/humidity-treatment-in-dubai/,4
https://www.rukn-eltatawer.com/kitchen-hood-installation-ajman/,4
https://www.rukn-eltatawer.com/lizard-control-umm-al-quwain/,4
https://www.rukn-eltatawer.com/palm-tree-planting-abu-dhabi/,4
https://www.rukn-eltatawer.com/parquet-installation-in-umm-al-quwain/,4
https://www.rukn-eltatawer.com/sewer-wiring-company-in-fujairah/,4
https://www.rukn-eltatawer.com/sharjah-glass-facade-cleaning-company/,4
https://www.rukn-eltatawer.com/swimming-pool-company-in-abu-dhabi/,4
https://www.rukn-eltatawer.com/swimming-pools-company-in-sharjah/,4
https://www.rukn-eltatawer.com/termite-control-dubai/,4
https://www.rukn-eltatawer.com/umm-al-quwain-sewage-wiring/,4
https://www.rukn-eltatawer.com/abu-dhabi-soundproofing-installation-company/,3
https://www.rukn-eltatawer.com/al-ain-gypsum-board-installation-company/,3
https://www.rukn-eltatawer.com/ceramic-installation-company-in-dubai/,3
https://www.rukn-eltatawer.com/cleaning-company-in-abu-dhabi/,3
https://www.rukn-eltatawer.com/dyeing-ras-al-khaimah/,3
https://www.rukn-eltatawer.com/en/false-ceiling-installation-abu-dhabi/,3
https://www.rukn-eltatawer.com/humidity-treatment-abu-dhabi/,3
https://www.rukn-eltatawer.com/installation-of-gypsum-board-fujairah/,3
https://www.rukn-eltatawer.com/kitchen-hood-installation-al-ain/,3
https://www.rukn-eltatawer.com/kitchen-hood-installation-ras-al-khaimah/,3
https://www.rukn-eltatawer.com/paints-company-in-dubai/,3
https://www.rukn-eltatawer.com/parquet-installation-company-in-ras-al-khaimah/,3
https://www.rukn-eltatawer.com/parquet-installation-company-in-sharjah/,3
https://www.rukn-eltatawer.com/pigeons-repellent-installation-company-in-al-ain/,3
https://www.rukn-eltatawer.com/shade-installation-abu-dhabi/,3
https://www.rukn-eltatawer.com/sharjah-marble-polishing-and-polishing-company/,3
https://www.rukn-eltatawer.com/stone-installation-al-ain/,3
https://www.rukn-eltatawer.com/umm-al-quwain-villas-cleaning-company/,3
https://www.rukn-eltatawer.com/abu-dhabi-air-conditioner-cleaning-company/,2
https://www.rukn-eltatawer.com/air-conditioner-cleaning-in-sharjah/,2
https://www.rukn-eltatawer.com/ajman-carpet-cleaning-company/,2
https://www.rukn-eltatawer.com/ajman-sofa-cleaning-company/,2
https://www.rukn-eltatawer.com/al-ain-carpet-cleaning-company/,2
https://www.rukn-eltatawer.com/artificial-grass-installation-fujairah/,2
https://www.rukn-eltatawer.com/automatic-door-maintenance-abu-dhabi/,2
https://www.rukn-eltatawer.com/bathroom-insulation-abu-dhabi/,2
https://www.rukn-eltatawer.com/cold-and-freezing-room-maintenance-in-dubai/,2
https://www.rukn-eltatawer.com/contact-us/,2
https://www.rukn-eltatawer.com/damage-caused-by-water-leaks/,2
https://www.rukn-eltatawer.com/dubai-carpet-cleaning-company/,2
https://www.rukn-eltatawer.com/dubai-villas-cleaning-company/,2
https://www.rukn-eltatawer.com/dyeing-in-ajman/,2
https://www.rukn-eltatawer.com/elevator-maintenance-abu-dhabi/,2
https://www.rukn-eltatawer.com/elevator-maintenance-dubai/,2
https://www.rukn-eltatawer.com/elevator-maintenance-sharjah/,2
https://www.rukn-eltatawer.com/en/school-nursery-cleaning-ajman/,2
https://www.rukn-eltatawer.com/en/water-leak-detection-yanbu/,2
https://www.rukn-eltatawer.com/fujairah-sofa-cleaning-company/,2
https://www.rukn-eltatawer.com/general-maintenance-umm-al-quwain/,2
https://www.rukn-eltatawer.com/gypsum-board-installation-in-dubai/,2
https://www.rukn-eltatawer.com/house-cleaning-company-in-fujairah/,2
https://www.rukn-eltatawer.com/kitchen-hood-installation-dubai/,2
https://www.rukn-eltatawer.com/lizard-control-fujairah/,2
https://www.rukn-eltatawer.com/marble-granite-installation-dubai/,2
https://www.rukn-eltatawer.com/microwave-repair-abu-dhabi/,2
https://www.rukn-eltatawer.com/mobile-car-wash-in-abu-dhabi/,2
https://www.rukn-eltatawer.com/modern-irrigation-dubai/,2
https://www.rukn-eltatawer.com/parquet-installation-company-in-dubai/,2
https://www.rukn-eltatawer.com/qa/shrkh-tabyh-ghaz-mkyfat-fy-qtr/,2
https://www.rukn-eltatawer.com/qa/shrkh-trkyb-antrlwk-fy-qtr/,2
https://www.rukn-eltatawer.com/ras-al-khaimah-carpet-cleaning-company/,2
https://www.rukn-eltatawer.com/ras-al-khaimah-sofa-cleaning-company/,2
https://www.rukn-eltatawer.com/ras-al-khaimah-villas-cleaning-company/,2
https://www.rukn-eltatawer.com/sa/kshf-tsrbat-almyah-fy-brydh/,2
https://www.rukn-eltatawer.com/sharjah-tank-cleaning-company/,2
https://www.rukn-eltatawer.com/shrkh-anzmh-alslamh-wmkafhh-alhryq-fy-dby/,2
https://www.rukn-eltatawer.com/solar-systems-installation-ajman/,2
https://www.rukn-eltatawer.com/solar-systems-installation-ras-al-khaimah/,2
https://www.rukn-eltatawer.com/stone-installation-ajman/,2
https://www.rukn-eltatawer.com/swimming-pool-cleaning-company-in-fujairah-2/,2
https://www.rukn-eltatawer.com/tank-lining-maintenance-abu-dhabi/,2
https://www.rukn-eltatawer.com/vinyl-flooring-abu-dhabi/,2
https://www.rukn-eltatawer.com/water-leak-detection-company-in-fujairah/,2
https://www.rukn-eltatawer.com/waterfalls-and-fountains-in-abu-dhabi/,2
https://www.rukn-eltatawer.com/wood-alternative-installation-company-in-dubai/,2
https://www.rukn-eltatawer.com/a-sterilization-company-in-abu-dhabi/,1
https://www.rukn-eltatawer.com/air-conditioner-cleaning-company-in-al-ain/,1
https://www.rukn-eltatawer.com/air-conditioner-cleaning-company-in-umm-al-quwain/,1
https://www.rukn-eltatawer.com/air-purification-system-al-ain/,1
https://www.rukn-eltatawer.com/automatic-irrigation-ajman/,1
https://www.rukn-eltatawer.com/bathroom-renovation-dubai/,1
https://www.rukn-eltatawer.com/bed-bug-control-al-ain/,1
https://www.rukn-eltatawer.com/building-maintenance-dubai/,1
https://www.rukn-eltatawer.com/category/installation-and-finishing/,1
https://www.rukn-eltatawer.com/category/pest-control/,1
https://www.rukn-eltatawer.com/cctv-maintenance-abu-dhabi/,1
https://www.rukn-eltatawer.com/cctv-maintenance-dubai/,1
https://www.rukn-eltatawer.com/city/al-ain/,1
https://www.rukn-eltatawer.com/cleaning-swimming-pools-in-umm-al-quwain/,1
https://www.rukn-eltatawer.com/cooker-repair-al-ain/,1
https://www.rukn-eltatawer.com/dubai-kitchen-cleaning-company/,1
https://www.rukn-eltatawer.com/dubai-marble-polishing-and-polishing-company/,1
https://www.rukn-eltatawer.com/dubai-soundproofing-installation-company/,1
https://www.rukn-eltatawer.com/dyeing-umm-al-quwain/,1
https://www.rukn-eltatawer.com/electrical-maintenance-al-ain/,1
https://www.rukn-eltatawer.com/electrical-maintenance-dubai/,1
https://www.rukn-eltatawer.com/electrical-maintenance-fujairah/,1
https://www.rukn-eltatawer.com/elevator-maintenance-al-ain/,1
https://www.rukn-eltatawer.com/en/false-ceiling-installation-al-ain/,1
https://www.rukn-eltatawer.com/en/pergola-installation-dubai/,1
https://www.rukn-eltatawer.com/en/stone-facade-cleaning-abu-dhabi/,1
https://www.rukn-eltatawer.com/en/water-leak-detection-company-in-al-ain/,1
https://www.rukn-eltatawer.com/flea-control-al-ain/,1
https://www.rukn-eltatawer.com/flying-pest-control-umm-al-quwain/,1
https://www.rukn-eltatawer.com/fujairah-villas-cleaning-company/,1
https://www.rukn-eltatawer.com/furniture-moving-packaging-al-ain/,1
https://www.rukn-eltatawer.com/home-electrician-al-ain/,1
https://www.rukn-eltatawer.com/home-sterilization-company-in-ras-al-khaimah/,1
https://www.rukn-eltatawer.com/kerbstone-installation-abu-dhabi/,1
https://www.rukn-eltatawer.com/microwave-repair-ajman/,1
https://www.rukn-eltatawer.com/microwave-repair-sharjah/,1
https://www.rukn-eltatawer.com/old-house-renovation-abu-dhabi/,1
https://www.rukn-eltatawer.com/palm-tree-planting-ajman/,1
https://www.rukn-eltatawer.com/palm-tree-planting-umm-al-quwain/,1
https://www.rukn-eltatawer.com/pest-control-khor-fakkan/,1
https://www.rukn-eltatawer.com/pigeon-net-installation-ras-al-khaimah/,1
https://www.rukn-eltatawer.com/pigeon-net-installation-sharjah/,1
https://www.rukn-eltatawer.com/qa/mn-nhn/,1
https://www.rukn-eltatawer.com/qa/shrkh-azl-hmamat-fy-qtr/,1
https://www.rukn-eltatawer.com/qa/shrkh-hdm-mbany-fy-qtr/,1
https://www.rukn-eltatawer.com/qa/shrkh-syanh-abwab-khshbyh-fy-qtr/,1
https://www.rukn-eltatawer.com/ras-al-khaimah-sewage-wiring-company/,1
https://www.rukn-eltatawer.com/roof-insulation-company-abu-dhabi/,1
https://www.rukn-eltatawer.com/sa/water-leak-detection-an-nuayriyah/,1
https://www.rukn-eltatawer.com/school-nursery-cleaning-fujairah/,1
https://www.rukn-eltatawer.com/septic-tank-emptying-umm-al-quwain/,1
https://www.rukn-eltatawer.com/solar-systems-installation-abu-dhabi/,1
https://www.rukn-eltatawer.com/solar-systems-installation-sharjah/,1
https://www.rukn-eltatawer.com/split-ac-maintenance-abu-dhabi/,1
https://www.rukn-eltatawer.com/steam-car-wash-abu-dhabi/,1
https://www.rukn-eltatawer.com/sterilization-in-sharjah/,1
https://www.rukn-eltatawer.com/suspended-ceiling-installation-abu-dhabi/,1
https://www.rukn-eltatawer.com/swimming-pools-company-in-al-ain/,1
https://www.rukn-eltatawer.com/tank-insulation-abu-dhabi/,1
https://www.rukn-eltatawer.com/tank-insulation-fujairah/,1
https://www.rukn-eltatawer.com/thermal-insulation-dubai/,1
https://www.rukn-eltatawer.com/villa-inspection-sharjah/,1
https://www.rukn-eltatawer.com/vinyl-flooring-ras-al-khaimah/,1
https://www.rukn-eltatawer.com/vinyl-flooring-sharjah/,1
https://www.rukn-eltatawer.com/wall-foam-installation-al-ain/,1
https://www.rukn-eltatawer.com/wall-fountain-dubai/,1
https://www.rukn-eltatawer.com/wall-grass-dubai/,1
https://www.rukn-eltatawer.com/water-heater-repair-al-ain/,1
https://www.rukn-eltatawer.com/water-heater-repair-dubai/,1
https://www.rukn-eltatawer.com/water-heater-repair-fujairah/,1
https://www.rukn-eltatawer.com/water-pump-installation-abu-dhabi/,1
https://www.rukn-eltatawer.com/water-pump-installation-sharjah/,1