أهم طلبات البحث,النقرات,عدد الظهور,نسبة النقر إلى الظهور,موضع
تركيب ارضيات باركيه,2,3,66.67%,4.67
شركة مكافحة حشرات في الشارقة,1,21,4.76%,2.38
تسليك مجاري,1,11,9.09%,5.55
شركة تنظيف في أبوظبي بالساعات,1,10,10%,2.4
صباغ في دبي,1,10,10%,3.4
مكافحة الحشرات ابوظبي,1,10,10%,7.3
شركة مكافحة حشرات في الفجيرة,1,8,12.5%,2.12
شركة تنظيف فلل في العين,1,8,12.5%,4
غسيل سيارات متنقل ابوظبي,1,7,14.29%,15.86
شركة تنظيف مكيفات في أبوظبي,1,6,16.67%,4.33
شركه تنظيف في الفجيره,1,5,20%,9.8
شركة تنظيف منازل في دبي,1,4,25%,3
شركة صيانة عامة في الشارقة,1,3,33.33%,2
شركه تنظيف,1,3,33.33%,6
water leak detection company,1,2,50%,1
تركيب باركيه,1,2,50%,2.5
شركة تنسيق حدائق في راس الخيمة,1,2,50%,7
شركات تنظيف المنازل,1,1,100%,1
شركة تنسيق حدائق في دبي,1,1,100%,1
تنظيف فلل في الشارقه,1,1,100%,2
تنظيف فلل في دبي,1,1,100%,2
كشف التسربات بدون تكسير,1,1,100%,4
شركة تنسيق حدائق في الفجيرة,1,1,100%,20
شركة تنسيق حدائق في عجمان,1,1,100%,37
شركة صبغ,0,67,0%,2.3
أفضل شركة مكافحة حشرات في دبي,0,59,0%,2.17
شركة مكافحة حشرات في دبي,0,50,0%,2.22
تنظيف بالساعات,0,37,0%,6.81
شركة تنظيف منازل,0,30,0%,9.13
شركة تنظيف في دبي,0,27,0%,2.81
تصليح سخانات دبي,0,27,0%,7.93
شركة مكافحة حشرات في العين,0,25,0%,2.2
نقل اثاث الفجيرة,0,24,0%,12.21
شركة مكافحة حشرات,0,23,0%,3.48
أفضل شركة مكافحة حشرات في ابوظبي,0,22,0%,2.64
شركة تنظيف في الفجيرة,0,20,0%,4.9
عاملات تنظيف أبوظبي,0,19,0%,3.11
شركة تنظيف في العين,0,18,0%,13.28
شركة تسليك مجاري في الشارقة,0,17,0%,3.29
خدمات تنظيف بالساعه,0,17,0%,10.94
شركة كشف تسربات المياه بالنعيرية,0,17,0%,11.59
شركة تنظيف,0,17,0%,26.35
باركيه,0,16,0%,7.56
شركة مكافحة الرمة,0,14,0%,3.14
كشف تسربات المياه,0,14,0%,6.21
شركة تنظيف في ام القيوين,0,13,0%,5.15
خادمات بالساعات,0,13,0%,6.15
جبس بورد,0,13,0%,7.08
شركة كشف تسربات المياه في دبي,0,12,0%,1.83
شركة تنظيف في ابوظبي بالساعات,0,12,0%,2.67
شركة تنظيف فلل في دبي,0,12,0%,7.17
شركة مكافحة الحشرات,0,12,0%,10.5
شركة تنظيف في ابوظبي,0,12,0%,11.5
عاملات تنظيف بالساعات,0,11,0%,2.73
شركة تنظيف فلل,0,11,0%,3
شركة تنظيف كنب في العين,0,11,0%,4.09
شركة تنظيف كنب في دبي,0,11,0%,5.18
شركة عزل اسطح في دبي,0,10,0%,1.4
خادمات بالساعات ابوظبي,0,10,0%,2.9
شركة تسليك مجاري في عجمان,0,10,0%,3.3
شركات تنظيف المنازل في راس الخيمة,0,10,0%,17.6
humidity,0,10,0%,21.2
شركة مكافحة حشرات في أبو ظبي,0,9,0%,2
شركة تسليك مجاري في رأس الخيمة,0,9,0%,2.11
تنسيق حدائق ابوظبي,0,9,0%,2.33
شركة مكافحة حشرات في عجمان,0,9,0%,2.67
شركة مكافحة الرمة في دبي,0,9,0%,3.11
شركة تسليك مجاري في دبي,0,9,0%,3.44
مكافحة الحشرات أبوظبي,0,9,0%,4.89
مكافحة الحشرات بلدية الشارقة,0,9,0%,10.44
شركة تسليك مجاري في ابوظبي,0,8,0%,3.38
شركة كشف تسربات المياه في الشارقة,0,8,0%,3.75
رش حشرات,0,8,0%,4.5
شركة تنظيف في راس الخيمة,0,8,0%,6.12
شركة عزل اسطح,0,8,0%,7.25
مكافحة الحشرات,0,8,0%,7.5
شركة تنظيف في عجمان,0,8,0%,8.12
مكتب طباعة وتخليص معاملات أبوظبي,0,8,0%,8.12
تنظيف مكيفات,0,8,0%,9.75
شركات تنظيف منازل,0,8,0%,10
شركة تنظيف في دبي بالساعات,0,8,0%,13.38
تنظيف مكيفات العين,0,8,0%,43.5
شركة مكافحة حشرات في أبوظبي,0,7,0%,2
شركة تركيب جبس بورد في دبي,0,7,0%,3
شغالات بالساعة,0,7,0%,3.71
شركة تنظيف كنب في الفجيرة,0,7,0%,4.86
تنسيق حدائق,0,7,0%,6.43
شركات تنظيف منازل في دبي,0,7,0%,6.43
جهاز كشف تسريب المياه,0,7,0%,7
شركة تنظيف منازل في عجمان,0,7,0%,7
شركة عزل اسطح في ابوظبي,0,7,0%,7.71
الصرف الصحي العين,0,7,0%,8
تنظيف بالساعة,0,7,0%,8.14
شركات تنظيف بنظام الساعه,0,7,0%,11.14
شركة تنظيف في الشارقة,0,7,0%,13.86
غسيل بخار سيارات,0,7,0%,28
شركة تركيب باركيه في الشارقة,0,6,0%,1.5
شركة مكافحة حشرات في رأس الخيمة,0,6,0%,2
شركة تنظيف فلل في الشارقة,0,6,0%,2.33
شركة عزل اسطح في الشارقة,0,6,0%,2.33
شركة تنظيف كنب في عجمان,0,6,0%,4.17
مكتب خدم دبي,0,6,0%,4.33
شركة تنظيف منازل بالساعة,0,6,0%,5.17
عاملات تنظيف بالساعات أبوظبي,0,6,0%,6
شركة تنظيف في دبي 24 ساعة,0,6,0%,6.67
شركة تنظيف كنب,0,6,0%,6.83
ارقام شفط صرف صحي الشارقة,0,6,0%,7.5
طارد الحمام,0,6,0%,8
شركة تنظيف كنب في الشارقة,0,6,0%,9.17
شركة كشف تسربات بسكاكا,0,6,0%,9.67
مجاري الشارقة,0,6,0%,9.83
home cleaning services sharjah,0,6,0%,11.5
شركة مكافحة حشرات دبي,0,6,0%,11.5
عازل حراري,0,6,0%,13.17
عزل اسطح,0,6,0%,16.5
افضل شركات التنظيف,0,6,0%,20.33
عازل صوت,0,6,0%,20.33
صيانة مباني,0,6,0%,23
تصليح مكيفات ابوظبي,0,6,0%,29.67
غسيل سيارات متنقل,0,6,0%,30.17
شركة كشف تسربات المياه بظهران الجنوب,0,6,0%,33.17
خادمات بالساعات الشارقة,0,5,0%,1
مكتب سند قريب مني,0,5,0%,1.8
تخليص معاملات ابوظبي,0,5,0%,2
شركة تسليك مجاري في ام القيوين,0,5,0%,2
شركة مكافحة صراصير في العين,0,5,0%,2
شركة مكافحة الصراصير,0,5,0%,2.2
شركة كشف تسربات المياه في عجمان,0,5,0%,2.8
شغاله منزليه بالساعه,0,5,0%,3.4
شركة تنظيف فلل في الفجيرة,0,5,0%,4.6
شركة عزل صوت في دبي,0,5,0%,4.6
شركة مكافحة الرمة في العين,0,5,0%,5
شركة كشف تسربات باملج,0,5,0%,7.2
خدمات تنظيف المنازل,0,5,0%,8
شركة مكافحة البق,0,5,0%,8.8
شركة تنظيف كنب في الشارقه,0,5,0%,10
شركة صيانة عامة في دبي,0,5,0%,10.4
كشف تسربات المياه بالمجمعة,0,5,0%,15.8
خادمة بالساعة,0,5,0%,16.8
شركة غسيل سيارات,0,5,0%,27.6
مكافحه حشرات,0,5,0%,42.8
شركة تنظيف الشارقة,0,5,0%,44.4
شركة كشف تسربات المياه في ام القيوين,0,4,0%,1.5
شركة تنظيف سجاد في الشارقة,0,4,0%,2
شركة عزل اسطح في العين,0,4,0%,2
شركة مكافحة حشرات في أم القيوين,0,4,0%,2
شركة مكافحة حشرات في راس الخيمة,0,4,0%,2
مكتب عاملات تنظيف يومي,0,4,0%,2
شركة تنظيف مكيفات في ام القيوين,0,4,0%,2.75
تنظيف بالساعات ابوظبي,0,4,0%,3
خادمات بالساعه,0,4,0%,3
شركة تنظيف بالساعات ابوظبي,0,4,0%,3
شركة تنظيف بالساعة ابوظبي,0,4,0%,3
تركيب جبس بورد في ابوظبي,0,4,0%,3.25
شركة رش حشرات,0,4,0%,3.25
مكتب تخليص معاملات,0,4,0%,3.5
bes,0,4,0%,4
مكافحة حشرات,0,4,0%,4
تنظيف بالساعة ابوظبي,0,4,0%,4.25
خدم بالساعات,0,4,0%,4.25
إزالة العفن دبي,0,4,0%,5
خدم بالساعه,0,4,0%,5
شركة عزل اسطح في ام القيوين,0,4,0%,5.25
صبغ,0,4,0%,5.5
مجاري العين,0,4,0%,6.25
عمالة تنظيف بالساعة,0,4,0%,6.5
شركة تنظيف في رأس الخيمة,0,4,0%,7.25
عاملات بالساعة,0,4,0%,7.5
كهربائي,0,4,0%,7.5
شركة تنظيف دبي,0,4,0%,8
شركة تنظيف مكيفات في دبي,0,4,0%,8.25
شركة عزل خزانات في أم القيوين,0,4,0%,8.5
pest control sharjah,0,4,0%,8.75
شركة تنظيف فلل في ابوظبي,0,4,0%,8.75
عاملة نظافة بالساعة بأبها,0,4,0%,9
غسيل مكيفات,0,4,0%,9
تنظيف الحشرات,0,4,0%,10.75
شركة تنظيف منازل فى رأس الخيمة,0,4,0%,11.75
polo bag,0,4,0%,12.75
شركه تنظيف فلل دبي,0,4,0%,12.75
شركة كشف تسربات المياه بالمجمعه,0,4,0%,15
شركة صيانة عامة,0,4,0%,17.5
شركة صيانة,0,4,0%,19.5
شركة صيانة مباني,0,4,0%,20.75
شركات عزل الاسطح,0,4,0%,27.75
شركة تنظيف فلل ابوظبي,0,4,0%,29.75
تصليح مكيفات في ابوظبي,0,4,0%,30
شركة كشف تسربات المياه بعنيزة,0,4,0%,36
ركن التطور,0,3,0%,1
building envelope systems,0,3,0%,1.33
تركيب جبس بورد في الشارقة,0,3,0%,1.33
شركة صيانة عامة في أم القيوين,0,3,0%,1.67
شركة كشف تسربات المياه في العين,0,3,0%,1.67
كشف تسربات المياه في دبي,0,3,0%,1.67
شركات تنظيف الكنب في عجمان,0,3,0%,2
شركات تنظيف بالساعات في الشارقة,0,3,0%,2
شركة تركيب باركيه في دبي,0,3,0%,2
شركة تسليك مجاري في راس الخيمة,0,3,0%,2
شركة تنسيق حدائق,0,3,0%,2
شركة تنظيف خزانات الشارقة,0,3,0%,2
شركة مكافحة حشرات ابوظبي,0,3,0%,2
شركة مكافحة حشرات راس الخيمة,0,3,0%,2
شركة مكافحة حشرات في ابوظبي,0,3,0%,2
شركة مكافحة صراصير في رأس الخيمة,0,3,0%,2
شركه تسليك مجاري في العين,0,3,0%,2
شركه حشرات,0,3,0%,2
شركه رش فئران بالشارقة,0,3,0%,2
خادمة منزلية بالساعات,0,3,0%,2.33
شركة عزل اسطح في الفجيرة,0,3,0%,2.33
شركة كشف تسربات المياه في أم القيوين,0,3,0%,2.33
تنسيق حدائق العين,0,3,0%,2.67
شركة عزل خزانات في الشارقة,0,3,0%,2.67
شركة كشف تسربات المياه في أبوظبي,0,3,0%,2.67
شركة مكافحة الحمام في الامارات,0,3,0%,2.67
خادمات بالساعات في ابوظبي,0,3,0%,3
شركة تنظيف مجالس في الشارقة,0,3,0%,3
شركة عزل مواسير في عجمان,0,3,0%,3
عاملات تنظيف بالساعات ابوظبي,0,3,0%,3
عاملات تنظيف بالساعة,0,3,0%,3
عاملات تنظيف بالساعة في ابوظبي,0,3,0%,3
شركات تنظيف,0,3,0%,3.33
تنسيق حدائق دبي,0,3,0%,3.67
شركات تنظيف المنازل في الشارقة,0,3,0%,3.67
أفضل شركة تنظيف في الشارقة,0,3,0%,4
شركة تركيب جبس بورد في العين,0,3,0%,4
كشف تسربات المياه باملج,0,3,0%,4
شركات تنظيف في الشارقة,0,3,0%,4.33
شركة تنظيف منازل دبي,0,3,0%,4.33
شركة تنظيف شقق,0,3,0%,4.67
شركة عزل اسطح في عجمان,0,3,0%,4.67
افضل شركة تنظيف في دبي,0,3,0%,5
تسليك مجاري دبي,0,3,0%,5
شركة عزل خزانات في راس الخيمة,0,3,0%,5
شركه تنظيف فلل العين,0,3,0%,5
شركة تنظيف سجاد في دبي,0,3,0%,5.33
تركيب جبس بورد في دبي,0,3,0%,5.67
شركة تركيب سيراميك في الإمارات,0,3,0%,5.67
شركة تنظيف في راس الخيمه,0,3,0%,5.67
عازل صوت للغرف,0,3,0%,5.67
خادمات بالساعات في مصفح,0,3,0%,6
شركة تنظيف كنب وسجاد فى الشارقة,0,3,0%,6
شركة تنظيف مطابخ,0,3,0%,6
شركة عزل اسطح في أم القيوين,0,3,0%,6
صيانة كهرباء,0,3,0%,6.33
مجاري,0,3,0%,6.33
مكافحة الرمة,0,3,0%,6.33
تنسيق حدائق منزلية,0,3,0%,6.67
جبسون بورد,0,3,0%,6.67
home cleaning sharjah,0,3,0%,7
شركات تنظيف السجاد في دبي,0,3,0%,7
شركة تعقيم,0,3,0%,7
عاملات تنظيف,0,3,0%,7
كشف تسربات المياه في الفجيرة,0,3,0%,7
مكتب طباعة وتخليص معاملات قريب مني,0,3,0%,7.33
شركة كشف تسربات المياه في الفجيرة,0,3,0%,7.67
عزل الاسطح,0,3,0%,7.67
خدمات الجبس بورد والديكورات,0,3,0%,8
الرمه,0,3,0%,8.67
تركيب الزجاج,0,3,0%,8.67
شركة كشف تسربات المياه بسراة عبيدة,0,3,0%,8.67
طارد الحمام والطيور,0,3,0%,9
تنظيف مكيفات عجمان,0,3,0%,9.33
تخليص معاملات,0,3,0%,9.67
شركه تنظيف فلل بدبي,0,3,0%,9.67
شركة عزل خزانات في دبي,0,3,0%,10
شركة عزل صوت في رأس الخيمة,0,3,0%,10
تنظيف المكيفات,0,3,0%,10.33
شركة عزل خزانات في ابوظبي,0,3,0%,10.67
أفضل مكتب عمالة منزلية الشارقة,0,3,0%,11
maids dubai,0,3,0%,12.33
الصرف الصحي أبوظبي,0,3,0%,12.33
سباك في دبي,0,3,0%,12.33
خادمات بالساعه دبي,0,3,0%,13.33
تنظيف بالساعه,0,3,0%,15
شركة تنظيف راس الخيمة,0,3,0%,15.33
صباغ في رأس الخيمة,0,3,0%,15.67
غسيل سجاد دبي,0,3,0%,16
أفضل شركات حمامات السباحة 2026,0,3,0%,16.33
صباغ في ابوظبي,0,3,0%,16.33
شركة تنظيف فلل الشارقة,0,3,0%,18
شركة كشف تسربات المياه بالمجمعة,0,3,0%,18.67
افضل شركة مكافحة الحشرات,0,3,0%,20
شركة كشف تسربات بالمجمعة,0,3,0%,20.67
شركة تنظيف منازل في العين,0,3,0%,21
كشف تسربات المياه املج,0,3,0%,21.67
شركة تسليك مجاري,0,3,0%,22.67
شركة تعقيم منازل فى رأس الخيمة,0,3,0%,24
عازل اسطح,0,3,0%,24
صيانة مكيفات ابوظبي,0,3,0%,24.33
طارد الطيور,0,3,0%,24.67
شركة تنظيف مكيفات,0,3,0%,26
شركة تنظيف منازل الشارقة,0,3,0%,28.67
تنظيف مسابح ابوظبي,0,3,0%,30.33
شركة كشف تسربات المياه ببلجرشي,0,3,0%,30.33
عازل حراري للاسطح,0,3,0%,30.33
شركة تنظيف فى دبى,0,3,0%,35
شركة لتنظيف المكيفات,0,3,0%,36.33
شركة تنظيف منازل راس الخيمة,0,3,0%,44
مكافحة حشرات ابوظبي,0,3,0%,49.67
صيانة الافران,0,3,0%,50.33
مقاولات ابوظبي,0,3,0%,61.67
شركة كشف تسربات المياه بالظهران,0,3,0%,65.67
كشف تسربات المياه بالظهران,0,3,0%,68
شركة تسليك مجاري في أم القيوين,0,2,0%,1
كشف تسربات المياه في الشارقة,0,2,0%,1
كشف تسربات المياه في راس الخيمة,0,2,0%,1
كشف تسريب مياه,0,2,0%,1
مكتب خدم في دبي,0,2,0%,1
شركه مكافحه حشرات العين,0,2,0%,1.5
تركيب باركيه في دبي,0,2,0%,2
تنظيف زجاج المباني,0,2,0%,2
شركة تركيب باركيه في رأس الخيمة,0,2,0%,2
شركة تسليك مجاري في أبوظبي,0,2,0%,2
شركة تنظيف خزانات في ابوظبي,0,2,0%,2
شركة تنظيف خزانات في الشارقة,0,2,0%,2
شركة تنظيف سجاد في العين,0,2,0%,2
شركة تنظيف مجالس في العين,0,2,0%,2
شركة تنظيف مطابخ في دبي,0,2,0%,2
شركة حشرات,0,2,0%,2
شركة رش حشرات عجمان,0,2,0%,2
شركة عزل أسطح في ابوظبي,0,2,0%,2
شركة عزل أسطح في عجمان,0,2,0%,2
شركة عزل مواسير في رأس الخيمة,0,2,0%,2
شركة كشف تسربات المياه في ابوظبي,0,2,0%,2
شركة معالجة الرطوبة في الإمارات,0,2,0%,2
شركة مكافحة حشرات في ام القيوين,0,2,0%,2
شركة مكافحة صراصير في الشارقة,0,2,0%,2
شركه تنظيف فى دبى,0,2,0%,2
شركه مكافحه حشرات,0,2,0%,2
تسليك المجاري,0,2,0%,2.5
شركة تنظيف خزانات في دبي,0,2,0%,2.5
شركة صيانة مباني في دبي,0,2,0%,2.5
شركة مكافحة الرمة في الشارقة,0,2,0%,2.5
شركه رش حشرات,0,2,0%,2.5
تركيب جبس بورد في الفجيرة,0,2,0%,3
تنظيف منازل الشارقة,0,2,0%,3
خادمات بالساعة في ابوظبي,0,2,0%,3
خدامة بالساعات,0,2,0%,3
زراعة حدائق,0,2,0%,3
شركات خادمات,0,2,0%,3
شركة تركيب جبس بورد في ابوظبي,0,2,0%,3
شركة تسليك مجاري في الفجيرة,0,2,0%,3
شركة تنظيف مكيفات في الشارقة,0,2,0%,3
شركة صيانة عامة في ابوظبي,0,2,0%,3
شركة كشف تسربات المياه في رأس الخيمة,0,2,0%,3
شركة مبيدات حشرية,0,2,0%,3
شركة معالجة الرطوبة في الامارات,0,2,0%,3
شركه مكافحه حشرات دبي,0,2,0%,3
عاملة بالساعات,0,2,0%,3
عامله بالساعات,0,2,0%,3
مكافحة الحشرات عجمان,0,2,0%,3
جبس,0,2,0%,3.5
جهاز كشف التسربات المياه,0,2,0%,3.5
شركة ابادة حشرات,0,2,0%,3.5
شركة تنظيف كنب وسجاد فى رأس الخيمة,0,2,0%,3.5
شركة تنظيف مجالس,0,2,0%,3.5
شركة مكافحة الحشرات دبي,0,2,0%,3.5
تركيب جبس بورد في ام القيوين,0,2,0%,4
شركة تعقيم في ام القيوين,0,2,0%,4
شركة عزل صوت في الشارقة خصم يصل حتى 25%,0,2,0%,4
شركة كشف تسربات المياه باملج,0,2,0%,4
شركة مكافحة الحشرات في دبي,0,2,0%,4
شركة مكافحة حشرات في خورفكان,0,2,0%,4
أفضل شركة تنظيف في دبي,0,2,0%,4.5
شركات تنظيف منازل دبي,0,2,0%,4.5
شركة بخ حشرات,0,2,0%,4.5
شركة تركيب باركيه في أم القيوين,0,2,0%,4.5
صيانة كاميرات مراقبة,0,2,0%,4.5
مكافحة الحشرات دبي,0,2,0%,4.5
مكتب تخليص معاملات قريب مني,0,2,0%,4.5
أرقام شغالات منزلية باليومية,0,2,0%,5
اعمال جبسون بورد,0,2,0%,5
باركية,0,2,0%,5
تنظيف البيوت بالساعة,0,2,0%,5
خادمات دبي,0,2,0%,5
خدمة تنظيف المنازل بالساعة,0,2,0%,5
شركة تنظيف سجاد في ابوظبي,0,2,0%,5
شركة عزل خزانات في الفجيرة,0,2,0%,5
عاملات نظافة,0,2,0%,5
مقاولات بناء,0,2,0%,5
مكافحة القوارض,0,2,0%,5
water leakage,0,2,0%,5.5
شركة تنظيف الفلل في العين,0,2,0%,5.5
شركة تنظيف مسابح في الشارقة,0,2,0%,5.5
شركة عزل أسطح في العين,0,2,0%,5.5
صيانة,0,2,0%,5.5
مجاري ابوظبي,0,2,0%,5.5
pest control in dubai,0,2,0%,6
تنظيف فلل,0,2,0%,6
خادمات بالساعة,0,2,0%,6
شركات تنظيف فلل في ابوظبي,0,2,0%,6
شركة تنظيف بدبي,0,2,0%,6
شركة تنظيف مكيفات في العين,0,2,0%,6
شركة كشف تسربات المياه,0,2,0%,6
غسيل سجاد الشارقة,0,2,0%,6
نجار في ام القيوين,0,2,0%,6
شركة تنظيف المنازل دبي,0,2,0%,6.5
شركه تنظيف سجاد دبي,0,2,0%,6.5
عزل حراري,0,2,0%,6.5
تسليك مجاري في عجمان,0,2,0%,7
تنظيف كنب في عجمان,0,2,0%,7
شركة أرضيات في دبي,0,2,0%,7
شركة تركيب جبس بورد في ام القيوين,0,2,0%,7
شركة تنظيف مكيفات في ابوظبي,0,2,0%,7
شركة نظافة عجمان,0,2,0%,7
شركه تنظيف شقق عجمان,0,2,0%,7
خادمات بالشهر في الشارقة,0,2,0%,7.5
شركات صيانة المباني في دبي,0,2,0%,7.5
شركة تنظيف بالساعة,0,2,0%,7.5
شركة تنظيف فلل في عجمان,0,2,0%,7.5
شركة تنظيف كنب رأس الخيمة,0,2,0%,7.5
شركة مكافحة الحمام,0,2,0%,7.5
صباغ رخيص في دبي,0,2,0%,7.5
مجاري الصرف الصحي,0,2,0%,7.5
مكافحه الحشرات,0,2,0%,7.5
roof water tank installation,0,2,0%,8
بديل خشب,0,2,0%,8
تنظيف,0,2,0%,8
حل ارتفاع فاتورة المياه في الإمارات,0,2,0%,8
شركة تنظيف كنب في راس الخيمة,0,2,0%,8
شركة جلي وتلميع الرخام في دبي,0,2,0%,8
شركة عزل اسطح في راس الخيمة,0,2,0%,8
شغالات بالشهر في الشارقة,0,2,0%,8
عاملات نظافة بالساعة,0,2,0%,8
cleaners dubai,0,2,0%,8.5
ابواب عزل صوت,0,2,0%,8.5
تنظيف مكيفات الهواء في المنزل,0,2,0%,8.5
شركة تعقيم منازل فى دبي,0,2,0%,8.5
شركة تنظيف منازل عجمان,0,2,0%,8.5
شركة عزل خزانات في رأس الخيمة,0,2,0%,8.5
عروض على خدمات العناية بالمنزل,0,2,0%,8.5
أفضل شركة تنظيف في العين,0,2,0%,9
تنظيف سجاد دبي,0,2,0%,9
شركات صيانة في دبي,0,2,0%,9
شركة تعقيم منازل,0,2,0%,9
صيانة غرف التبريد والتجميد في الامارات,0,2,0%,9
شركات مقاولات في ابوظبي,0,2,0%,9.5
شركة تعقيم منازل فى الشارقة,0,2,0%,9.5
شركة عزل اسطح في رأس الخيمة,0,2,0%,9.5
cleaning company sharjah,0,2,0%,10
أكبر شركات المقاولات في ابوظبي,0,2,0%,10
شركة تعقيم في راس الخيمة,0,2,0%,10.5
شركة صيانة مسابح في دبي,0,2,0%,10.5
الرطوبة في ابوظبي,0,2,0%,11
شركات المقاولات في ابوظبي,0,2,0%,11
شركات حمامات سباحة في العاصمة الإدارية,0,2,0%,11
شركات مقاولات ابوظبي,0,2,0%,11
شركة تنظيف مجالس في رأس الخيمة,0,2,0%,11
عاملات نظافة بالساعة بسيهات,0,2,0%,11
مجالس عجمان,0,2,0%,11
مكتب خدم في الشارقة,0,2,0%,11.5
تركيب مظلات,0,2,0%,12
تنظيف مجالس في ابوظبي,0,2,0%,12
شركة تنظيف كنب في أم القيوين,0,2,0%,12.5
شركة خدم بالساعات,0,2,0%,12.5
مكتب سند,0,2,0%,12.5
شركة عزل الصوت في دبي,0,2,0%,13
عزل أسطح,0,2,0%,13
شركة نظافة في راس الخيمة,0,2,0%,13.5
اصباغ وديكورات ابوظبي,0,2,0%,14
zaina domestic workers services center,0,2,0%,14.5
شركة كشف تسربات البكيرية,0,2,0%,14.5
مسابح العين,0,2,0%,14.5
شركات صيانة حمامات السباحة في مدينتي,0,2,0%,15
شركة كشف تسربات المياه ببيشة,0,2,0%,15
waterproofing companies in dubai,0,2,0%,15.5
صباغ في عجمان,0,2,0%,15.5
تصليح ابواب اتوماتيك,0,2,0%,16
افضل شركة تنظيف في راس الخيمة,0,2,0%,16.5
خدمات السباكة,0,2,0%,17
شركه تنظيف فلل في عجمان,0,2,0%,17
شركة تنظيف في العين بالساعات,0,2,0%,17.5
شركة عزل صوت في عجمان,0,2,0%,17.5
عاملات نظافة بالساعة بعنيزة,0,2,0%,18
شركة تنظيف في العين بالساعه,0,2,0%,18.5
شركة كشف تسربات المياه بالليث,0,2,0%,18.5
عمال نظافة,0,2,0%,18.5
تركيب عشب صناعي في الفجيرة,0,2,0%,19
شركة تنظيف اثاث,0,2,0%,19
كشف تسربات المياه في المجمعة,0,2,0%,19
شركة تنظيف كنب الشارقة,0,2,0%,19.5
شركة كشف تسربات المياه في الزلفي,0,2,0%,20
افضل شركة مكافحة حشرات,0,2,0%,20.5
شركة تنظيف مطابخ في الشارقة,0,2,0%,20.5
عمال نظافة بالساعة,0,2,0%,20.5
كشف تسربات بالمجمعة,0,2,0%,21.5
غسيل سيارات متنقل الآن.,0,2,0%,23.5
افضل شركة لتنظيف المنازل,0,2,0%,24
شركة كشف تسربات المياه بالقنفذة,0,2,0%,25
أفضل شركة تنظيف,0,2,0%,27
شركة تركيب حمامات السباحة في مدينتي,0,2,0%,27.5
المجاري,0,2,0%,28.5
شركة تنظيف مطابخ في العين,0,2,0%,29
شركة كشف تسربات المياه في المجمعة,0,2,0%,29
شركة كشف تسربات املج,0,2,0%,29
شركة كشف تسربات المياه بالنماص,0,2,0%,29.5
كشف تسربات المياه دبي,0,2,0%,31.5
كشف تسربات المياه بعنيزة,0,2,0%,35.5
شركات صيانة عامة,0,2,0%,40
عزل اسطح المباني,0,2,0%,40
شركة كشف تسربات بعنيزة,0,2,0%,48
كشف تسريب المياه,0,2,0%,89
"""صيانه منزليه بوتجاز وسخان ودش""",0,1,0%,1
king bikep,0,1,0%,1
leak detection dubai,0,1,0%,1
roof waterproofing dubai,0,1,0%,1
water leak detection dubai,0,1,0%,1
water leakage detection company,0,1,0%,1
أفضل شركة مكافحة حشرات,0,1,0%,1
اقرب مكتب سند من موقعي الحالي,0,1,0%,1
تركيب باركيه في ابوظبي,0,1,0%,1
تركيب باركيه في الفجيرة,0,1,0%,1
تركيب باركيه في عجمان,0,1,0%,1
تركيب جبس بورد الشارقة,0,1,0%,1
تسليك,0,1,0%,1
تسليك مجاري الحمامات,0,1,0%,1
تصريف مجاري,0,1,0%,1
تنظيف بالساعة الشارقة,0,1,0%,1
توقيت مكتب سند,0,1,0%,1
خدم بالساعات دبي,0,1,0%,1
رقم مكتب خدم في دبي,0,1,0%,1
سحب مياه الصرف الصحي عجمان,0,1,0%,1
سيارات شفط مجاري عجمان,0,1,0%,1
شركات تنظيف بالساعات,0,1,0%,1
شركات مكافحة الحشرات الشارقة,0,1,0%,1
شركة تركيب باركيه في العين,0,1,0%,1
شركة تركيب باركيه في الفجيرة,0,1,0%,1
شركة تركيب باركيه في عجمان,0,1,0%,1
شركة تنظيف مكيفات في مارينا,0,1,0%,1
شركة صبغ في الشارقة,0,1,0%,1
شركة عزل اسطح فى دبي,0,1,0%,1
شركة كشف تسربات المياه ابوظبي,0,1,0%,1
شركة كشف تسربات المياه في الإمارات,0,1,0%,1
شركة كشف تسربات المياه في راس الخيمة,0,1,0%,1
شغالات في دبي,0,1,0%,1
عمال تنظيف,0,1,0%,1
كشف تسربات المياه في أم القيوين,0,1,0%,1
كشف تسربات المياه في ابوظبي,0,1,0%,1
محل مبيدات حشرية قريب مني,0,1,0%,1
مكتب شغلات,0,1,0%,1
kimgbikeo,0,1,0%,2
pool technician,0,1,0%,2
water detection leak,0,1,0%,2
waterproofing,0,1,0%,2
افضل شركة مكافحة حشرات في ابوظبي,0,1,0%,2
انظيف,0,1,0%,2
تركيب شفاطات,0,1,0%,2
تركيب مضخات المياه في ابوظبي,0,1,0%,2
تسليك مجارى,0,1,0%,2
تنسيق حدائق الامارات,0,1,0%,2
تنظيف خزانات المياه ابوظبي,0,1,0%,2
خدمات جبس بورد,0,1,0%,2
خدمه تنظيف الشارقة,0,1,0%,2
شركات تنظيف واجهات زجاج,0,1,0%,2
شركات مكافحة الحشرات في ابوظبي,0,1,0%,2
شركات مكافحة الحشرات في دبي,0,1,0%,2
شركة تركيب جبس بورد في الشارقة,0,1,0%,2
شركة تركيب جبس بورد في الفجيرة,0,1,0%,2
شركة تركيب طارد حمام,0,1,0%,2
شركة تسليك مجاري في العين,0,1,0%,2
شركة تنسيق حدائق في الشارقة,0,1,0%,2
شركة تنظيف خزانات دبي,0,1,0%,2
شركة تنظيف فلل راس الخيمة,0,1,0%,2
شركة تنظيف مجالس في دبي,0,1,0%,2
شركة تنظيف واجهات في دبي,0,1,0%,2
شركة رش حشرات في ابوظبي,0,1,0%,2
شركة رش حشرات في الشارقة,0,1,0%,2
شركة صيانة عامة في العين,0,1,0%,2
شركة صيانة مسابح في الفجيرة,0,1,0%,2
شركة طارد الحمام,0,1,0%,2
شركة عزل,0,1,0%,2
شركة عزل اسطح فى الشارقة,0,1,0%,2
شركة عزل خزانات الشارقة,0,1,0%,2
شركة كشف تسربات المياه ضباء,0,1,0%,2
شركة مكافحة الحشرات ابوظبي,0,1,0%,2
شركة مكافحة الحشرات في أم القيوين,0,1,0%,2
شركة مكافحة الحشرات في عجمان,0,1,0%,2
شركة مكافحة الصراصير في ابوظبي,0,1,0%,2
شركة مكافحة حشرات أم القيوين,0,1,0%,2
شركة مكافحة حشرات الشارقة,0,1,0%,2
شركة مكافحة حشرات عجمان,0,1,0%,2
شركة مكافحة صراصير في أم القيوين,0,1,0%,2
شركة مكافحة صراصير في عجمان,0,1,0%,2
شركه تسليك مجاري في الشارقه,0,1,0%,2
شركه تنظيف فلل الشارقة,0,1,0%,2
شركه تنظيف فلل في دبي,0,1,0%,2
شركه تنظيف كنب العين,0,1,0%,2
شركه تنظيف مجالس,0,1,0%,2
شركه رش الباعوض بالشارقة,0,1,0%,2
شركه رش باعوض بالشارقة,0,1,0%,2
شركه رش حشرات الشارقة,0,1,0%,2
شركه مكافحه حشرات الشارقه,0,1,0%,2
شركه مكافحه حشرات بالشارقة,0,1,0%,2
شركه مكافحه حشرات في الفجيره,0,1,0%,2
شركه مكافحه صراصير الشارقه,0,1,0%,2
صيانة المباني,0,1,0%,2
صيانة عامة في الشارقة,0,1,0%,2
عاملات بالساعات الشارقة,0,1,0%,2
عاملات تنظيف بالساعات دبي,0,1,0%,2
عزل مائي للاسطح,0,1,0%,2
عمال تنظيف بالساعه,0,1,0%,2
عمالة منزلية بالساعة,0,1,0%,2
كشف تسربات المياه أم القيوين,0,1,0%,2
كشف تسربات المياه في العين,0,1,0%,2
للجبس,0,1,0%,2
beverly hills polo club,0,1,0%,3
floor sound insulation,0,1,0%,3
king bike,0,1,0%,3
roof ceiling insulation,0,1,0%,3
بولو,0,1,0%,3
تركيب باركيه في الشارقة,0,1,0%,3
تنسيق حدائق العين و أبو ظبي,0,1,0%,3
تنظيف بيوت,0,1,0%,3
تنظيف بيوت في الشارقة,0,1,0%,3
تنظيف فلل دبي,0,1,0%,3
تنظيف منازل دبي,0,1,0%,3
خادمة باليوم,0,1,0%,3
خدامات بالساعه,0,1,0%,3
خدامه بالساعات,0,1,0%,3
خدم بالساعات ابوظبي,0,1,0%,3
خدم بالساعات في ابوظبي,0,1,0%,3
خدم بالساعة ابوظبي,0,1,0%,3
خدم تنظيف بالساعات,0,1,0%,3
خدم ساعات,0,1,0%,3
رش مبيدات حشرية,0,1,0%,3
شركات التنظيف بالساعه,0,1,0%,3
شركات تنظيف البيوت,0,1,0%,3
شركات تنظيف منازل في الشارقة,0,1,0%,3
شركات نظافة منازل,0,1,0%,3
شركة تركيب باركيه في ام القيوين,0,1,0%,3
شركة تنظيف بالشارقة,0,1,0%,3
شركة تنظيف خزانات المياه في دبي,0,1,0%,3
شركة تنظيف سجاد في رأس الخيمة,0,1,0%,3
شركة تنظيف منازل بالساعة أبوظبي,0,1,0%,3
شركة تنظيف منازل فى الشارقة,0,1,0%,3
شركة تنظيف منازل في الشارقة,0,1,0%,3
شركة رش حشرات بدبي,0,1,0%,3
شركة عزل الصوت الشارقة,0,1,0%,3
شركة عزل خزانات في ام القيوين,0,1,0%,3
شركة للحشرات,0,1,0%,3
شركة مكافحة القوارض,0,1,0%,3
شركة مكافحة صراصير بأبوظبي,0,1,0%,3
شركة مكافحة صراصير في الفجيرة,0,1,0%,3
شركه تنظيف سجاد الشارقة,0,1,0%,3
شركه تنظيف منازل الشارقة,0,1,0%,3
شركه جبسون بورد,0,1,0%,3
شركه رش الفئران بالشارقة,0,1,0%,3
شركه غسيل كنب,0,1,0%,3
شركه كشف تسربات المياه,0,1,0%,3
شغالات بالساعه,0,1,0%,3
شغلات منزليه,0,1,0%,3
شفط المجاري,0,1,0%,3
شكه مكافحه حشرات دبي,0,1,0%,3
عازل الصوت للباب,0,1,0%,3
عاملات بالساعات,0,1,0%,3
كشف تسربات المياه في أبوظبي,0,1,0%,3
كشف تسربات المياه في عجمان,0,1,0%,3
مراكز سند للخدمات,0,1,0%,3
مكاتب تخليص معاملات,0,1,0%,3
ِشركه تنظيف الشارقه,0,1,0%,3
dubai roofing,0,1,0%,4
thermal scanning for water leakage,0,1,0%,4
أفضل شركة مكافحة الحشرات في ابوظبي,0,1,0%,4
تركيب جبسون بورد,0,1,0%,4
تنظيف ساعات,0,1,0%,4
خادمة يومية,0,1,0%,4
خدم بالساعة,0,1,0%,4
خدم يومي,0,1,0%,4
سند للخدمات,0,1,0%,4
شركات انشاء حمامات السباحة,0,1,0%,4
شركات رش حشرات,0,1,0%,4
شركة تصليح سخانات في العين,0,1,0%,4
شركة تصليح سخانات في الفجيرة,0,1,0%,4
شركة تنظيف الفجيرة,0,1,0%,4
شركة تنظيف بيوت,0,1,0%,4
شركة تنظيف منازل ام القيوين,0,1,0%,4
شركة رش الحشرات,0,1,0%,4
شركة عزل الصوت في ام القيوين,0,1,0%,4
شركة عزل صوت في الشارقة,0,1,0%,4
شركة مكافحة الرمة في الامارات,0,1,0%,4
شركة مكافحة حشرات بدبي,0,1,0%,4
شركه تنظيف كنب عجمان,0,1,0%,4
شركه رش حشرات دبي,0,1,0%,4
عاملات بالساعة في ابوظبي,0,1,0%,4
عاملات نظافة بالساعة ابوظبي,0,1,0%,4
كشف تسربات المياه بمكة,0,1,0%,4
مكافحة الحشرات راس الخيمة,0,1,0%,4
مكافحة حشرات الشارقة,0,1,0%,4
مكافحة حشرات عجمان,0,1,0%,4
مكتب تخليص معاملات ابوظبي,0,1,0%,4
bathroom water leak detection,0,1,0%,5
food villa,0,1,0%,5
paint company in dubai,0,1,0%,5
polo,0,1,0%,5
الأرضيات الخشبية أبو ظبي,0,1,0%,5
انجاز,0,1,0%,5
تنظيف خزانات,0,1,0%,5
خادمات,0,1,0%,5
خادمات الشارقة,0,1,0%,5
خدمات تركيب الباركيه,0,1,0%,5
خدمه رش حشرات دبي,0,1,0%,5
شركة تعقيم في الشارقة,0,1,0%,5
شركة تنظيف بالبخار في الشارقة,0,1,0%,5
شركة تنظيف في دبي 24 ساعه,0,1,0%,5
شركة تنظيف كنب وسجاد في دبي,0,1,0%,5
شركة تنظيف مكيفات في راس الخيمة,0,1,0%,5
شركة تنظيف منازل فى دبي,0,1,0%,5
شركة عزل اسطح في أبوظبي,0,1,0%,5
شركة عزل مواسير في أم القيوين,0,1,0%,5
شركه تنظيف منازل دبي,0,1,0%,5
طارد حمام,0,1,0%,5
عازل الصوت,0,1,0%,5
عازل مائي للاسطح في الامارات,0,1,0%,5
عاملات تنظيف ابوظبي,0,1,0%,5
محلات بيع مواد مكافحة الحشرات عجمان,0,1,0%,5
مكافحة الحشرات في ابوظبي,0,1,0%,5
مكافحة حشرات في دبي,0,1,0%,5
best cleaning company near me,0,1,0%,6
club apparel,0,1,0%,6
drainage cleaning,0,1,0%,6
garden landscaping dubai,0,1,0%,6
sofa cleaning ras al khaimah,0,1,0%,6
swimming pool companies in dubai,0,1,0%,6
تنسيق الحدائق,0,1,0%,6
تنظيف البواليع في المنزل,0,1,0%,6
تنظيف مكيفات في القوز,0,1,0%,6
جدران بديل الخشب,0,1,0%,6
جدران جبس,0,1,0%,6
جهاز الكشف عن تسريب المياه,0,1,0%,6
رش الصراصير حشرات,0,1,0%,6
شبك الحمام,0,1,0%,6
شبك حمام,0,1,0%,6
شركات مكافحة الحشرات,0,1,0%,6
شركة اصباغ,0,1,0%,6
شركة تعقيم في ابوظبي,0,1,0%,6
شركة تنظيف بالساعات,0,1,0%,6
شركة تنظيف فلل العين,0,1,0%,6
شركة تنظيف في دبا الفجيرة,0,1,0%,6
شركة تنظيف مكيفات في الخان,0,1,0%,6
شركة تنظيف وتعقيم المنزل,0,1,0%,6
شركه تنظيف مكيفات,0,1,0%,6
شغالات بالساعات,0,1,0%,6
شغل جبس بورد,0,1,0%,6
عازل السطح,0,1,0%,6
عاملات بالساعات ابوظبي,0,1,0%,6
عزل صوت,0,1,0%,6
مقاول بناء,0,1,0%,6
مكتب خادمات دبي,0,1,0%,6
best pest control abu dhabi,0,1,0%,7
landscaping company dubai,0,1,0%,7
leak water,0,1,0%,7
maintenance company in uae,0,1,0%,7
online leak repair,0,1,0%,7
roof insulation,0,1,0%,7
ارضيات الفينيل ابوظبي,0,1,0%,7
افضل شركة جبس بورد,0,1,0%,7
تركيب مضخات المياه في راس الخيمة,0,1,0%,7
تصليح بوتاجاز في ابوظبي,0,1,0%,7
تمظيف,0,1,0%,7
تنظيف المنزل,0,1,0%,7
تنظيف مكيفات ابوظبي,0,1,0%,7
تنظيف منازل,0,1,0%,7
جبس دبي,0,1,0%,7
حيط مستعار,0,1,0%,7
خادمة بالساعات,0,1,0%,7
دبي حشره,0,1,0%,7
دراجه,0,1,0%,7
سحب المجاري الشارقة,0,1,0%,7
سقف مستعار,0,1,0%,7
شركات تنظيف في عجمان,0,1,0%,7
شركة اصباغ في الشارقة,0,1,0%,7
شركة تنظيف السجاد,0,1,0%,7
شركة تنظيف كنب عجمان,0,1,0%,7
شركة تنظيف كنب في ام القيوين,0,1,0%,7
شركة تنظيف كنب وسجاد فى دبي,0,1,0%,7
شركة صراصير,0,1,0%,7
شركة غسيل مكيفات,0,1,0%,7
شركة معالجة الرطوبة في دبي,0,1,0%,7
شركه تنظيف موكيت دبي,0,1,0%,7
شركه رش البرص بالشارقة,0,1,0%,7
شغالات,0,1,0%,7
صباغ في العين,0,1,0%,7
صيانة غرف تبريد,0,1,0%,7
عامل عزل,0,1,0%,7
عاملة التنظيف,0,1,0%,7
عزل صوت للغرف,0,1,0%,7
علاج الرطوبة والعفن في المنزل,0,1,0%,7
علاج الرمة,0,1,0%,7
كشف تسربات المياه بالبدائع,0,1,0%,7
ماركة بولو للنساء,0,1,0%,7
acoustic panels suppliers in uae,0,1,0%,8
cleaning service sharjah,0,1,0%,8
deep cleaning services sharjah,0,1,0%,8
dye shop near me,0,1,0%,8
dyeglow,0,1,0%,8
flooring vinyl,0,1,0%,8
leak detector device,0,1,0%,8
leakage water,0,1,0%,8
maid for house cleaning services near me,0,1,0%,8
parquet flooring installers near me,0,1,0%,8
swimming pool maintenance companies in uae,0,1,0%,8
waterproofing companies near me,0,1,0%,8
ارضية فينيل,0,1,0%,8
خدمات تنظيف المنازل راس الخيمه,0,1,0%,8
خدمات توريد عمال النظافة في ابوظبي,0,1,0%,8
رش للحشرات الزاحفه,0,1,0%,8
سعر الانترلوك في قطر,0,1,0%,8
سند,0,1,0%,8
شركات تنضيف,0,1,0%,8
شركات تنظيف المنازل في عجمان,0,1,0%,8
شركات صيانة المباني في ابوظبي,0,1,0%,8
شركة تنظيف الكنب,0,1,0%,8
شركة تنظيف بابخار في دبي,0,1,0%,8
شركة تنظيف منازل في رأس الخيمة,0,1,0%,8
شركة جلي وتلميع الرخام,0,1,0%,8
شركة صيانة فلل,0,1,0%,8
شركة عزل صوت في أم القيوين,0,1,0%,8
شركه تسليك مجاري في دبي,0,1,0%,8
صيانة ابواب,0,1,0%,8
صيانة جيربوكس ابوظبي,0,1,0%,8
عاملات نظافة بالساعة بالرس,0,1,0%,8
كشف تسريبات المياه,0,1,0%,8
مجاري الشارقه,0,1,0%,8
مكتب عاملات منازل,0,1,0%,8
ac cleaning sharjah,0,1,0%,9
cleaner sharjah,0,1,0%,9
deep cleaning in sharjah,0,1,0%,9
dubai cleaners,0,1,0%,9
insulation for ceiling,0,1,0%,9
pest control spray,0,1,0%,9
أفضل شركات المقاولات في ابوظبي,0,1,0%,9
أفضل شركة أبواب اتوماتيكية,0,1,0%,9
اسقف مستعاره,0,1,0%,9
تصليح ميكروويف,0,1,0%,9
حداد,0,1,0%,9
خدمات شركة انشاء حمامات السباحة المحترفة,0,1,0%,9
سيدات لتنظيف المنازل,0,1,0%,9
شركة تنظيف ارضيات,0,1,0%,9
شركة تنظيف عجمان,0,1,0%,9
شركة تنظيف كنب ابوظبي,0,1,0%,9
شركة تنظيف كنب دبي,0,1,0%,9
شركة تنظيف مكيفات في المجاز,0,1,0%,9
شركة مقاولات في ابوظبي,0,1,0%,9
عامل نظافة,0,1,0%,9
عاملات فلبينيات في الشارقة,0,1,0%,9
محلات بيع الطاقة الشمسية في عجمان,0,1,0%,9
محلات تصليح مكانس كهربائية,0,1,0%,9
مقاولين ابوظبي,0,1,0%,9
ac cleaning service sharjah,0,1,0%,10
wall water leakage detector,0,1,0%,10
water leaking,0,1,0%,10
تركيب الحجر,0,1,0%,10
تركيب سيراميك في دبي,0,1,0%,10
تنظيف مكيفات دبي,0,1,0%,10
تنظيف مكيفات راس الخيمه,0,1,0%,10
تنظيف مكيفات مركزية,0,1,0%,10
جهاز طارد الحمام,0,1,0%,10
رش الحشرات تم,0,1,0%,10
شركات تنظيف عجمان,0,1,0%,10
شركات خدم,0,1,0%,10
شركة الدهان,0,1,0%,10
شركة تنظيف العين,0,1,0%,10
شركة تنظيف كنب في ابوظبي,0,1,0%,10
شركه تنظيف كنب,0,1,0%,10
شركه رش برص بالشارقة,0,1,0%,10
عازل صوت للباب,0,1,0%,10
عروض غسيل المكيفات,0,1,0%,10
كربستون,0,1,0%,10
مركز زينة لخدمات العمالة المساعدة,0,1,0%,10
مكافحة الحشرات بلدية دبي,0,1,0%,10
مكيفات تنظيف,0,1,0%,10
best biryani in qusais,0,1,0%,11
best deep cleaning company dubai,0,1,0%,11
cleaners office,0,1,0%,11
external glass cleaning,0,1,0%,11
maid hourly,0,1,0%,11
robot vacuum cleaner repair near me,0,1,0%,11
waterproof surface,0,1,0%,11
الصبغ,0,1,0%,11
الصرف الصحي الشارقة,0,1,0%,11
بلدية الشارقة مكافحة الحشرات,0,1,0%,11
تسليك مجارى في دبي,0,1,0%,11
تنظيف المنازل,0,1,0%,11
حشرات الرمه,0,1,0%,11
دهانات,0,1,0%,11
رقم المجاري العين,0,1,0%,11
رقم مجاري العين,0,1,0%,11
سباك قطر,0,1,0%,11
شركة تنظيف كنب في أبوظبي,0,1,0%,11
شركة جلي رخام في دبي,0,1,0%,11
صباغ في راس الخيمة,0,1,0%,11
عازل للصوت,0,1,0%,11
عاملات فلبينيات في ابوظبي,0,1,0%,11
محل تصليح مكيفات في العين,0,1,0%,11
مغسلة سجاد,0,1,0%,11
مكافحة الحمام,0,1,0%,11
مكتب الرضا للطباعة ابوظبي,0,1,0%,11
cleaners abu dhabi,0,1,0%,12
maintenance company in dubai,0,1,0%,12
swimming pool maintenance company,0,1,0%,12
thermal inspection for water leakage,0,1,0%,12
ارقام مكاتب خدم في أبوظبي,0,1,0%,12
تركيب جبس بورد في عجمان,0,1,0%,12
تنظيف كنب في ابوظبي,0,1,0%,12
شركات مقاولات,0,1,0%,12
شركه تنظيف عجمان,0,1,0%,12
شركه صراصير,0,1,0%,12
صباغ في الفجيرة,0,1,0%,12
صرف صحي ابوظبي,0,1,0%,12
طوارئ الصرف الصحي العين,0,1,0%,12
عامل تنظيف,0,1,0%,12
عاملات,0,1,0%,12
مجاري عجمان,0,1,0%,12
مسابح ابوظبي,0,1,0%,12
مغسلة متنقلة,0,1,0%,12
مكتب تخليص معاملات الفيزا في أبوظبي,0,1,0%,12
تركيب زجاج,0,1,0%,13
تنظيف مكيفات في ند الحمر,0,1,0%,13
شركة مقاولات,0,1,0%,13
صرف الصحي الشارقة,0,1,0%,13
فلل مع غرفة غسيل في دبي,0,1,0%,13
شركة جبس بورد,0,1,0%,14
ارضيات خشبية دبي,0,1,0%,15
افضل شركة تنظيف,0,1,0%,15
تصليح مكيفات العين,0,1,0%,15
شركة بخ صراصير,0,1,0%,15
شركة تنظيف في الامارات,0,1,0%,15
غسيل سيارات بالبخار,0,1,0%,15
افضل شركه تنظيف,0,1,0%,16
تصليح مكيفات في العين,0,1,0%,16
صيانة خزانات المياه,0,1,0%,16
مكتب خادمات ابوظبي,0,1,0%,16
خادمة منزلية,0,1,0%,17
good meals near me,0,1,0%,18
تركيب كاميرات مراقبة دبي,0,1,0%,18
شركة تنظيف منازل بني ياس,0,1,0%,18
شركة غسيل السيارات,0,1,0%,18
مغسلة سيارات متنقلة,0,1,0%,18
التنظيف المعمّق في دبي,0,1,0%,19
شركة مكافحة النمل,0,1,0%,19
الصرف الصحي ابوظبي,0,1,0%,21
غسيل متنقل,0,1,0%,21
شركة تسليك مجاري بالدمام,0,1,0%,22
غسيل سيارات بخار,0,1,0%,22
جبس مزون,0,1,0%,23
سيارة غسيل متنقلة,0,1,0%,23
مغسلة سيارات متنقله,0,1,0%,23
غسيل فوري دبي,0,1,0%,24
افضل شركة تنظيف في ابوظبي,0,1,0%,25
صيانة مكيفات في ابوظبي,0,1,0%,25
مغسلة سيارات قريبة مني,0,1,0%,25
خادمات بالشهر في ابوظبي,0,1,0%,27
شركة غسيل سيارات متنقلة.,0,1,0%,27
سيارة غسيل سيارات,0,1,0%,28
شركة تنظيف واجهات في رأس الخيمة,0,1,0%,28
عاملات تنظيف بالساعه,0,1,0%,29
عاملات نظافة بالساعة بالظهران,0,1,0%,29
شركة تنظيف في أبوظبي,0,1,0%,30
شركة كشف تسربات المياه عنيزة,0,1,0%,30
شركة تركيب سيراميك في الشارقة,0,1,0%,31
خدمات احترافية في الشارقة,0,1,0%,32
best mutton biryani in dubai,0,1,0%,34
تركيب كاميرات,0,1,0%,34
كشف تسربات المياه بعنيزه,0,1,0%,36
شركة كشف تسربات المياه بالراس,0,1,0%,38
مكافحة الحشرات بني ياس,0,1,0%,38
للعوازل,0,1,0%,39
جامبينات كنق,0,1,0%,41
شركة تركيب طارد الحمام,0,1,0%,42
desi restaurant dubai,0,1,0%,44
سيارات غسيل,0,1,0%,45
شركة احترافية دبي,0,1,0%,45
تصليح مكيفات في أبوظبي,0,1,0%,46
صيانة مكيفات الشارقة,0,1,0%,46
عازل للصوت للشباك,0,1,0%,46
جلى الرخام,0,1,0%,52
شركة كشف تسربات المياه برأس تنورة,0,1,0%,53
شركة كشف تسربات المياه بظهران,0,1,0%,54
شركة تنظيف الفلل في الشارقة,0,1,0%,55
شركة تركيب طارد الحمام بجازان,0,1,0%,56
صباغ في الشارقة,0,1,0%,57
شركة كشف تسربات المياه بالفرشة,0,1,0%,60
جلي رخام,0,1,0%,61
شركات المقاولات في دبي,0,1,0%,67
desi food near me,0,1,0%,73
شركة تنظيف بالدوادمي,0,1,0%,76
خدمات تصميم بوربوينت في أبوظبي,0,1,0%,84
desi restaurants in dubai,0,1,0%,86
مقاولات البناء,0,1,0%,88
شركة تصميم بوربوينت في أبوظبي,0,1,0%,94